AD2_1_pathabundance.tsv:ANAEROFRUCAT-PWY: homolactic fermentation	10713.6928726565
AD2_1_pathabundance.tsv:ANAEROFRUCAT-PWY: homolactic fermentation|unclassified	402.1282961980
AD2_1_pathabundance.tsv:ANAEROFRUCAT-PWY: homolactic fermentation|g__Collinsella.s__Collinsella_aerofaciens	280.6571056228
AD2_1_pathabundance.tsv:ANAEROFRUCAT-PWY: homolactic fermentation|g__Escherichia.s__Escherichia_coli	101.1449063822
AD2_1_pathabundance.tsv:PWY-5100: pyruvate fermentation to acetate and lactate II	9655.2033881686
AD2_1_pathabundance.tsv:PWY-5100: pyruvate fermentation to acetate and lactate II|g__Blautia.s__Blautia_wexlerae	822.8494938350
AD2_1_pathabundance.tsv:PWY-5100: pyruvate fermentation to acetate and lactate II|unclassified	673.7775188462
AD2_1_pathabundance.tsv:PWY-5100: pyruvate fermentation to acetate and lactate II|g__Anaerostipes.s__Anaerostipes_hadrus	373.4892927682
AD2_1_pathabundance.tsv:PWY-5100: pyruvate fermentation to acetate and lactate II|g__Collinsella.s__Collinsella_aerofaciens	335.0845415054
AD2_1_pathabundance.tsv:PWY-5100: pyruvate fermentation to acetate and lactate II|g__Blautia.s__Blautia_obeum	329.9212374720
AD2_1_pathabundance.tsv:PWY-5100: pyruvate fermentation to acetate and lactate II|g__Lactobacillus.s__Lactobacillus_ruminis	326.6322215201
AD2_1_pathabundance.tsv:PWY-5100: pyruvate fermentation to acetate and lactate II|g__Eubacterium.s__Eubacterium_sp_CAG_274	232.1742329864
AD2_1_pathabundance.tsv:PWY-5100: pyruvate fermentation to acetate and lactate II|g__Blautia.s__Ruminococcus_torques	231.7797751296
AD2_1_pathabundance.tsv:PWY-5100: pyruvate fermentation to acetate and lactate II|g__Eubacterium.s__Eubacterium_hallii	191.2864436030
AD2_1_pathabundance.tsv:PWY-5100: pyruvate fermentation to acetate and lactate II|g__Ruminococcus.s__Ruminococcus_lactaris	190.2753198076
AD2_1_pathabundance.tsv:PWY-5100: pyruvate fermentation to acetate and lactate II|g__Fusicatenibacter.s__Fusicatenibacter_saccharivorans	133.9426731274
AD2_1_pathabundance.tsv:PWY-5100: pyruvate fermentation to acetate and lactate II|g__Streptococcus.s__Streptococcus_vestibularis	115.6414849912
AD2_1_pathabundance.tsv:PWY-5100: pyruvate fermentation to acetate and lactate II|g__Enterococcus.s__Enterococcus_faecium	101.9807045126
AD2_1_pathabundance.tsv:PWY-5100: pyruvate fermentation to acetate and lactate II|g__Agathobaculum.s__Agathobaculum_butyriciproducens	94.8389047367
AD2_1_pathabundance.tsv:PWY-5100: pyruvate fermentation to acetate and lactate II|g__Roseburia.s__Roseburia_sp_CAG_471	93.6041995109
AD2_1_pathabundance.tsv:PWY-5100: pyruvate fermentation to acetate and lactate II|g__Dorea.s__Dorea_longicatena	74.3781669281
AD2_1_pathabundance.tsv:PWY-5100: pyruvate fermentation to acetate and lactate II|g__Clostridium.s__Clostridium_sp_CAG_356	59.4102355042
AD2_1_pathabundance.tsv:PWY-5100: pyruvate fermentation to acetate and lactate II|g__Escherichia.s__Escherichia_coli	55.1297220028
AD2_1_pathabundance.tsv:PWY-5100: pyruvate fermentation to acetate and lactate II|g__Blautia.s__Blautia_sp_AF19_10LB	50.8740468219
AD2_1_pathabundance.tsv:PWY-5100: pyruvate fermentation to acetate and lactate II|g__Blautia.s__Blautia_sp	43.3460195278
AD2_1_pathabundance.tsv:PWY-5100: pyruvate fermentation to acetate and lactate II|g__Eubacterium.s__Eubacterium_ramulus	41.5566998640
AD2_1_pathabundance.tsv:PWY-5100: pyruvate fermentation to acetate and lactate II|g__Blautia.s__Blautia_sp_CAG_52	32.3000400520
AD2_1_pathabundance.tsv:PWY-5100: pyruvate fermentation to acetate and lactate II|g__Streptococcus.s__Streptococcus_salivarius	30.4275798482
AD2_1_pathabundance.tsv:PWY-5100: pyruvate fermentation to acetate and lactate II|g__Senegalimassilia.s__Senegalimassilia_anaerobia	24.9597157638
AD2_1_pathabundance.tsv:PWY-5100: pyruvate fermentation to acetate and lactate II|g__Ruminococcus.s__Ruminococcus_sp_AF31_8BH	24.5518652921
AD2_1_pathabundance.tsv:PWY-5100: pyruvate fermentation to acetate and lactate II|g__Clostridiales_unclassified.s__Clostridiales_bacterium_KLE1615	19.3007496631
AD2_1_pathabundance.tsv:PWY-5100: pyruvate fermentation to acetate and lactate II|g__Firmicutes_unclassified.s__Firmicutes_bacterium_CAG_65_45_313	18.2438321229
AD2_1_pathabundance.tsv:PWY-5100: pyruvate fermentation to acetate and lactate II|g__Adlercreutzia.s__Adlercreutzia_equolifaciens	17.8447317255
AD2_1_pathabundance.tsv:PWY-5100: pyruvate fermentation to acetate and lactate II|g__Enterococcus.s__Enterococcus_hirae	17.1764765751
AD2_1_pathabundance.tsv:PWY-5100: pyruvate fermentation to acetate and lactate II|g__Erysipelatoclostridium.s__Erysipelatoclostridium_ramosum	15.3349757023
AD2_1_pathabundance.tsv:PWY-5100: pyruvate fermentation to acetate and lactate II|g__Firmicutes_unclassified.s__Firmicutes_bacterium_CAG_41	14.4366662585
AD2_1_pathabundance.tsv:PWY-5100: pyruvate fermentation to acetate and lactate II|g__Eubacterium.s__Eubacterium_eligens	13.6635402679
AD2_1_pathabundance.tsv:PWY-5100: pyruvate fermentation to acetate and lactate II|g__Rothia.s__Rothia_mucilaginosa	12.5570037770
AD2_1_pathabundance.tsv:PWY-5100: pyruvate fermentation to acetate and lactate II|g__Anaerotruncus.s__Anaerotruncus_colihominis	10.1014618040
AD2_1_pathabundance.tsv:PWY-5100: pyruvate fermentation to acetate and lactate II|g__Weissella.s__Weissella_cibaria	9.8959785087
AD2_1_pathabundance.tsv:PWY-5100: pyruvate fermentation to acetate and lactate II|g__Eubacterium.s__Eubacterium_sp_AF17_7	9.1777687187
AD2_1_pathabundance.tsv:PWY-5100: pyruvate fermentation to acetate and lactate II|g__Blautia.s__Blautia_hydrogenotrophica	8.4644930064
AD2_1_pathabundance.tsv:PWY-5100: pyruvate fermentation to acetate and lactate II|g__Roseburia.s__Roseburia_sp_CAG_303	8.2383804640
AD2_1_pathabundance.tsv:PWY-5100: pyruvate fermentation to acetate and lactate II|g__Hungatella.s__Hungatella_hathewayi	7.7293025358
AD2_1_pathabundance.tsv:PWY-5100: pyruvate fermentation to acetate and lactate II|g__Streptococcus.s__Streptococcus_pneumoniae	7.0567574929
AD2_1_pathabundance.tsv:PWY-5100: pyruvate fermentation to acetate and lactate II|g__Lachnospiraceae_unclassified.s__Lachnospiraceae_bacterium_OF09_33XD	6.9156498316
AD2_1_pathabundance.tsv:PWY-5100: pyruvate fermentation to acetate and lactate II|g__Streptococcus.s__Streptococcus_viridans	6.8846071974
AD2_1_pathabundance.tsv:PWY-5100: pyruvate fermentation to acetate and lactate II|g__Eggerthella.s__Eggerthella_sp_CAG_209	6.3980916087
AD2_1_pathabundance.tsv:PWY-5100: pyruvate fermentation to acetate and lactate II|g__Slackia.s__Slackia_isoflavoniconvertens	5.6166749728
AD2_1_pathabundance.tsv:PWY-5100: pyruvate fermentation to acetate and lactate II|g__Blautia.s__Ruminococcus_gnavus	5.1714096485
AD2_1_pathabundance.tsv:PWY-5100: pyruvate fermentation to acetate and lactate II|g__Clostridium.s__Clostridium_sp_AM22_11AC	3.8803767007
AD2_1_pathabundance.tsv:PWY-5100: pyruvate fermentation to acetate and lactate II|g__Firmicutes_unclassified.s__Firmicutes_bacterium_AF16_15	3.7849761895
AD2_1_pathabundance.tsv:PWY-5100: pyruvate fermentation to acetate and lactate II|g__Lactobacillus.s__Lactobacillus_plantarum	3.6496168365
AD2_1_pathabundance.tsv:PWY-5100: pyruvate fermentation to acetate and lactate II|g__Clostridium.s__Clostridium_sp_CAG_269	3.5611587388
AD2_1_pathabundance.tsv:PWY-5100: pyruvate fermentation to acetate and lactate II|g__Lactobacillus.s__Lactobacillus_fermentum	3.4715950139
AD2_1_pathabundance.tsv:PWY-5100: pyruvate fermentation to acetate and lactate II|g__Streptococcus.s__Streptococcus_australis	3.3021919248
AD2_1_pathabundance.tsv:PWY-5100: pyruvate fermentation to acetate and lactate II|g__Lactobacillus.s__Lactobacillus_sakei	3.0965511893
AD2_1_pathabundance.tsv:PWY-5100: pyruvate fermentation to acetate and lactate II|g__Flavonifractor.s__Flavonifractor_plautii	2.6082552510
AD2_1_pathabundance.tsv:PWY-5100: pyruvate fermentation to acetate and lactate II|g__Rothia.s__Rothia_dentocariosa	2.4935656954
AD2_1_pathabundance.tsv:PWY-5100: pyruvate fermentation to acetate and lactate II|g__Eggerthella.s__Eggerthella_lenta	2.3572339724
AD2_1_pathabundance.tsv:PWY-5100: pyruvate fermentation to acetate and lactate II|g__Streptococcus.s__Streptococcus_anginosus_group	2.1402566765
AD2_1_pathabundance.tsv:PWY-5100: pyruvate fermentation to acetate and lactate II|g__Lachnospira.s__Lachnospira_pectinoschiza	2.0121631477
AD2_1_pathabundance.tsv:PWY-5100: pyruvate fermentation to acetate and lactate II|g__Lachnoclostridium.s__Clostridium_citroniae	1.8307896343
AD2_1_pathabundance.tsv:PWY-5100: pyruvate fermentation to acetate and lactate II|g__Streptococcus.s__Streptococcus_parasanguinis	1.8090946087
AD2_1_pathabundance.tsv:PWY-5100: pyruvate fermentation to acetate and lactate II|g__Blautia.s__Blautia_producta	1.7306560025
AD2_1_pathabundance.tsv:P124-PWY: Bifidobacterium shunt	3041.5808565964
AD2_1_pathabundance.tsv:P124-PWY: Bifidobacterium shunt|g__Bifidobacterium.s__Bifidobacterium_adolescentis	613.5099083881
AD2_1_pathabundance.tsv:P124-PWY: Bifidobacterium shunt|g__Bifidobacterium.s__Bifidobacterium_pseudocatenulatum	176.6737203642
AD2_1_pathabundance.tsv:P124-PWY: Bifidobacterium shunt|g__Bifidobacterium.s__Bifidobacterium_longum	84.5932698287
AD2_1_pathabundance.tsv:PWY-5676: acetyl-CoA fermentation to butanoate II	2181.6107619816
AD2_1_pathabundance.tsv:PWY-5676: acetyl-CoA fermentation to butanoate II|g__Anaerostipes.s__Anaerostipes_hadrus	305.7637566240
AD2_1_pathabundance.tsv:PWY-5676: acetyl-CoA fermentation to butanoate II|unclassified	232.5531025961
AD2_1_pathabundance.tsv:PWY-5677: succinate fermentation to butanoate	237.6774176317
AD2_1_pathabundance.tsv:PWY-5677: succinate fermentation to butanoate|g__Lachnoclostridium.s__Clostridium_symbiosum	4.5201188472
AD2_1_pathabundance.tsv:PWY-5677: succinate fermentation to butanoate|g__Flavonifractor.s__Flavonifractor_plautii	1.6433886032
AD3_2_pathabundance.tsv:PWY-5100: pyruvate fermentation to acetate and lactate II	12156.0123524284
AD3_2_pathabundance.tsv:PWY-5100: pyruvate fermentation to acetate and lactate II|g__Collinsella.s__Collinsella_aerofaciens	1508.8945359904
AD3_2_pathabundance.tsv:PWY-5100: pyruvate fermentation to acetate and lactate II|g__Anaerostipes.s__Anaerostipes_hadrus	1137.0986217413
AD3_2_pathabundance.tsv:PWY-5100: pyruvate fermentation to acetate and lactate II|g__Blautia.s__Blautia_obeum	1013.7353904224
AD3_2_pathabundance.tsv:PWY-5100: pyruvate fermentation to acetate and lactate II|unclassified	729.1537165647
AD3_2_pathabundance.tsv:PWY-5100: pyruvate fermentation to acetate and lactate II|g__Blautia.s__Blautia_wexlerae	717.8121372775
AD3_2_pathabundance.tsv:PWY-5100: pyruvate fermentation to acetate and lactate II|g__Holdemanella.s__Holdemanella_biformis	588.8219639178
AD3_2_pathabundance.tsv:PWY-5100: pyruvate fermentation to acetate and lactate II|g__Escherichia.s__Escherichia_coli	540.9780253853
AD3_2_pathabundance.tsv:PWY-5100: pyruvate fermentation to acetate and lactate II|g__Blautia.s__Ruminococcus_torques	423.7381248117
AD3_2_pathabundance.tsv:PWY-5100: pyruvate fermentation to acetate and lactate II|g__Eubacterium.s__Eubacterium_hallii	306.4269671649
AD3_2_pathabundance.tsv:PWY-5100: pyruvate fermentation to acetate and lactate II|g__Agathobaculum.s__Agathobaculum_butyriciproducens	241.4656064117
AD3_2_pathabundance.tsv:PWY-5100: pyruvate fermentation to acetate and lactate II|g__Catenibacterium.s__Catenibacterium_mitsuokai	224.5531052952
AD3_2_pathabundance.tsv:PWY-5100: pyruvate fermentation to acetate and lactate II|g__Dorea.s__Dorea_longicatena	180.1600011848
AD3_2_pathabundance.tsv:PWY-5100: pyruvate fermentation to acetate and lactate II|g__Fusicatenibacter.s__Fusicatenibacter_saccharivorans	167.9156746015
AD3_2_pathabundance.tsv:PWY-5100: pyruvate fermentation to acetate and lactate II|g__Coprococcus.s__Coprococcus_eutactus	157.6958011939
AD3_2_pathabundance.tsv:PWY-5100: pyruvate fermentation to acetate and lactate II|g__Clostridium.s__Clostridium_sp_CAG_492	145.2988208496
AD3_2_pathabundance.tsv:PWY-5100: pyruvate fermentation to acetate and lactate II|g__Roseburia.s__Roseburia_sp_CAG_471	131.0069854206
AD3_2_pathabundance.tsv:PWY-5100: pyruvate fermentation to acetate and lactate II|g__Blautia.s__Blautia_sp_AF19_10LB	130.3368671139
AD3_2_pathabundance.tsv:PWY-5100: pyruvate fermentation to acetate and lactate II|g__Senegalimassilia.s__Senegalimassilia_anaerobia	121.2079972734
AD3_2_pathabundance.tsv:PWY-5100: pyruvate fermentation to acetate and lactate II|g__Blautia.s__Blautia_sp	114.2129033983
AD3_2_pathabundance.tsv:PWY-5100: pyruvate fermentation to acetate and lactate II|g__Firmicutes_unclassified.s__Firmicutes_bacterium_CAG_41	110.3563101774
AD3_2_pathabundance.tsv:PWY-5100: pyruvate fermentation to acetate and lactate II|g__Eggerthella.s__Eggerthella_lenta	100.6146677292
AD3_2_pathabundance.tsv:PWY-5100: pyruvate fermentation to acetate and lactate II|g__Ruminococcus.s__Ruminococcus_lactaris	57.2202173696
AD3_2_pathabundance.tsv:PWY-5100: pyruvate fermentation to acetate and lactate II|g__Prevotella.s__Prevotella_copri	56.7476087111
AD3_2_pathabundance.tsv:PWY-5100: pyruvate fermentation to acetate and lactate II|g__Firmicutes_unclassified.s__Firmicutes_bacterium_AM10_47	51.6835912589
AD3_2_pathabundance.tsv:PWY-5100: pyruvate fermentation to acetate and lactate II|g__Blautia.s__Blautia_sp_CAG_52	49.2265941223
AD3_2_pathabundance.tsv:PWY-5100: pyruvate fermentation to acetate and lactate II|g__Ruminococcus.s__Ruminococcus_sp_AF31_8BH	47.1271531778
AD3_2_pathabundance.tsv:PWY-5100: pyruvate fermentation to acetate and lactate II|g__Firmicutes_unclassified.s__Firmicutes_bacterium_CAG_56	41.7990250695
AD3_2_pathabundance.tsv:PWY-5100: pyruvate fermentation to acetate and lactate II|g__Klebsiella.s__Klebsiella_pneumoniae	36.5510518761
AD3_2_pathabundance.tsv:PWY-5100: pyruvate fermentation to acetate and lactate II|g__Roseburia.s__Roseburia_hominis	33.6992929365
AD3_2_pathabundance.tsv:PWY-5100: pyruvate fermentation to acetate and lactate II|g__Clostridium.s__Clostridium_sp_CAG_269	32.6647507802
AD3_2_pathabundance.tsv:PWY-5100: pyruvate fermentation to acetate and lactate II|g__Clostridium.s__Clostridium_sp_CAG_221	29.3230392083
AD3_2_pathabundance.tsv:PWY-5100: pyruvate fermentation to acetate and lactate II|g__Clostridium.s__Clostridium_sp_CAG_440	22.7703675120
AD3_2_pathabundance.tsv:PWY-5100: pyruvate fermentation to acetate and lactate II|g__Eubacterium.s__Eubacterium_ramulus	21.9036576437
AD3_2_pathabundance.tsv:PWY-5100: pyruvate fermentation to acetate and lactate II|g__Firmicutes_unclassified.s__Firmicutes_bacterium_AF16_15	14.8868342796
AD3_2_pathabundance.tsv:PWY-5100: pyruvate fermentation to acetate and lactate II|g__Streptococcus.s__Streptococcus_pneumoniae	11.8805249919
AD3_2_pathabundance.tsv:PWY-5100: pyruvate fermentation to acetate and lactate II|g__Intestinibacter.s__Intestinibacter_bartlettii	10.7381992810
AD3_2_pathabundance.tsv:PWY-5100: pyruvate fermentation to acetate and lactate II|g__Firmicutes_unclassified.s__Firmicutes_bacterium_CAG_65_45_313	9.3034343900
AD3_2_pathabundance.tsv:PWY-5100: pyruvate fermentation to acetate and lactate II|g__Turicibacter.s__Turicibacter_sanguinis	8.9315062030
AD3_2_pathabundance.tsv:PWY-5100: pyruvate fermentation to acetate and lactate II|g__Streptococcus.s__Streptococcus_vestibularis	7.5268376146
AD3_2_pathabundance.tsv:PWY-5100: pyruvate fermentation to acetate and lactate II|g__Eggerthella.s__Eggerthella_sinensis	6.6585706618
AD3_2_pathabundance.tsv:PWY-5100: pyruvate fermentation to acetate and lactate II|g__Clostridium.s__Clostridium_sp_44_14	5.8962229991
AD3_2_pathabundance.tsv:PWY-5100: pyruvate fermentation to acetate and lactate II|g__Streptococcus.s__Streptococcus_gordonii	4.0923262670
AD3_2_pathabundance.tsv:PWY-5100: pyruvate fermentation to acetate and lactate II|g__Parabacteroides.s__Parabacteroides_distasonis	3.5965678922
AD3_2_pathabundance.tsv:PWY-5100: pyruvate fermentation to acetate and lactate II|g__Clostridium.s__Clostridium_sp_CAG_356	3.4535265908
AD3_2_pathabundance.tsv:PWY-5100: pyruvate fermentation to acetate and lactate II|g__Streptococcus.s__Streptococcus_salivarius	2.1998442282
AD3_2_pathabundance.tsv:ANAEROFRUCAT-PWY: homolactic fermentation	7036.2124408627
AD3_2_pathabundance.tsv:ANAEROFRUCAT-PWY: homolactic fermentation|g__Escherichia.s__Escherichia_coli	885.9543036128
AD3_2_pathabundance.tsv:ANAEROFRUCAT-PWY: homolactic fermentation|unclassified	708.7161843894
AD3_2_pathabundance.tsv:ANAEROFRUCAT-PWY: homolactic fermentation|g__Collinsella.s__Collinsella_aerofaciens	501.1247758237
AD3_2_pathabundance.tsv:ANAEROFRUCAT-PWY: homolactic fermentation|g__Catenibacterium.s__Catenibacterium_mitsuokai	228.5027695301
AD3_2_pathabundance.tsv:ANAEROFRUCAT-PWY: homolactic fermentation|g__Klebsiella.s__Klebsiella_pneumoniae	26.6786143465
AD3_2_pathabundance.tsv:PWY-5676: acetyl-CoA fermentation to butanoate II	6048.2363245080
AD3_2_pathabundance.tsv:PWY-5676: acetyl-CoA fermentation to butanoate II|g__Anaerostipes.s__Anaerostipes_hadrus	1283.6446283923
AD3_2_pathabundance.tsv:PWY-5676: acetyl-CoA fermentation to butanoate II|g__Holdemanella.s__Holdemanella_biformis	324.4587776907
AD3_2_pathabundance.tsv:PWY-5676: acetyl-CoA fermentation to butanoate II|unclassified	277.7451055966
AD3_2_pathabundance.tsv:PWY-5676: acetyl-CoA fermentation to butanoate II|g__Coprococcus.s__Coprococcus_eutactus	153.1828153721
AD3_2_pathabundance.tsv:PWY-5676: acetyl-CoA fermentation to butanoate II|g__Intestinimonas.s__Intestinimonas_butyriciproducens	9.7404835650
AD3_2_pathabundance.tsv:PWY-5677: succinate fermentation to butanoate	605.3949764209
AD3_2_pathabundance.tsv:P124-PWY: Bifidobacterium shunt	511.6458655339
AD3_2_pathabundance.tsv:P124-PWY: Bifidobacterium shunt|g__Collinsella.s__Collinsella_aerofaciens	435.6566752317
AD4_1_pathabundance.tsv:PWY-5100: pyruvate fermentation to acetate and lactate II	12158.7728249955
AD4_1_pathabundance.tsv:PWY-5100: pyruvate fermentation to acetate and lactate II|g__Prevotella.s__Prevotella_copri	2177.5942589724
AD4_1_pathabundance.tsv:PWY-5100: pyruvate fermentation to acetate and lactate II|unclassified	959.2615953274
AD4_1_pathabundance.tsv:PWY-5100: pyruvate fermentation to acetate and lactate II|g__Collinsella.s__Collinsella_aerofaciens	748.4420625204
AD4_1_pathabundance.tsv:PWY-5100: pyruvate fermentation to acetate and lactate II|g__Klebsiella.s__Klebsiella_pneumoniae	582.3243492452
AD4_1_pathabundance.tsv:PWY-5100: pyruvate fermentation to acetate and lactate II|g__Blautia.s__Ruminococcus_torques	415.6119634453
AD4_1_pathabundance.tsv:PWY-5100: pyruvate fermentation to acetate and lactate II|g__Blautia.s__Blautia_obeum	289.0845534413
AD4_1_pathabundance.tsv:PWY-5100: pyruvate fermentation to acetate and lactate II|g__Blautia.s__Blautia_wexlerae	264.0407682968
AD4_1_pathabundance.tsv:PWY-5100: pyruvate fermentation to acetate and lactate II|g__Fusicatenibacter.s__Fusicatenibacter_saccharivorans	237.8294944143
AD4_1_pathabundance.tsv:PWY-5100: pyruvate fermentation to acetate and lactate II|g__Anaerostipes.s__Anaerostipes_hadrus	211.9856406652
AD4_1_pathabundance.tsv:PWY-5100: pyruvate fermentation to acetate and lactate II|g__Senegalimassilia.s__Senegalimassilia_anaerobia	180.5845513929
AD4_1_pathabundance.tsv:PWY-5100: pyruvate fermentation to acetate and lactate II|g__Firmicutes_unclassified.s__Firmicutes_bacterium_AM10_47	167.9615679364
AD4_1_pathabundance.tsv:PWY-5100: pyruvate fermentation to acetate and lactate II|g__Eubacterium.s__Eubacterium_hallii	154.5734138906
AD4_1_pathabundance.tsv:PWY-5100: pyruvate fermentation to acetate and lactate II|g__Dorea.s__Dorea_longicatena	154.1763019166
AD4_1_pathabundance.tsv:PWY-5100: pyruvate fermentation to acetate and lactate II|g__Streptococcus.s__Streptococcus_parasanguinis	139.7745776995
AD4_1_pathabundance.tsv:PWY-5100: pyruvate fermentation to acetate and lactate II|g__Adlercreutzia.s__Adlercreutzia_equolifaciens	134.7880795878
AD4_1_pathabundance.tsv:PWY-5100: pyruvate fermentation to acetate and lactate II|g__Klebsiella.s__Klebsiella_variicola	130.9104280673
AD4_1_pathabundance.tsv:PWY-5100: pyruvate fermentation to acetate and lactate II|g__Blautia.s__Blautia_sp	130.1249782541
AD4_1_pathabundance.tsv:PWY-5100: pyruvate fermentation to acetate and lactate II|g__Blautia.s__Blautia_sp_CAG_52	123.9386254831
AD4_1_pathabundance.tsv:PWY-5100: pyruvate fermentation to acetate and lactate II|g__Roseburia.s__Roseburia_sp_CAG_471	118.7116679485
AD4_1_pathabundance.tsv:PWY-5100: pyruvate fermentation to acetate and lactate II|g__Firmicutes_unclassified.s__Firmicutes_bacterium_CAG_65_45_313	113.6314598311
AD4_1_pathabundance.tsv:PWY-5100: pyruvate fermentation to acetate and lactate II|g__Firmicutes_unclassified.s__Firmicutes_bacterium_CAG_41	100.5486770696
AD4_1_pathabundance.tsv:PWY-5100: pyruvate fermentation to acetate and lactate II|g__Clostridium.s__Clostridium_sp_CAG_510	86.0562035357
AD4_1_pathabundance.tsv:PWY-5100: pyruvate fermentation to acetate and lactate II|g__Eubacterium.s__Eubacterium_ramulus	76.9774028793
AD4_1_pathabundance.tsv:PWY-5100: pyruvate fermentation to acetate and lactate II|g__Eubacterium.s__Eubacterium_eligens	76.8975605552
AD4_1_pathabundance.tsv:PWY-5100: pyruvate fermentation to acetate and lactate II|g__Agathobaculum.s__Agathobaculum_butyriciproducens	70.6818148494
AD4_1_pathabundance.tsv:PWY-5100: pyruvate fermentation to acetate and lactate II|g__Streptococcus.s__Streptococcus_vestibularis	63.6272623605
AD4_1_pathabundance.tsv:PWY-5100: pyruvate fermentation to acetate and lactate II|g__Escherichia.s__Escherichia_coli	62.2191289799
AD4_1_pathabundance.tsv:PWY-5100: pyruvate fermentation to acetate and lactate II|g__Firmicutes_unclassified.s__Firmicutes_bacterium_CAG_56	38.1116221476
AD4_1_pathabundance.tsv:PWY-5100: pyruvate fermentation to acetate and lactate II|g__Cryptobacterium.s__Cryptobacterium_sp_CAG_338	37.9668485997
AD4_1_pathabundance.tsv:PWY-5100: pyruvate fermentation to acetate and lactate II|g__Streptococcus.s__Streptococcus_pneumoniae	35.9108629324
AD4_1_pathabundance.tsv:PWY-5100: pyruvate fermentation to acetate and lactate II|g__Lachnospira.s__Lachnospira_pectinoschiza	33.7666767337
AD4_1_pathabundance.tsv:PWY-5100: pyruvate fermentation to acetate and lactate II|g__Lactobacillus.s__Lactobacillus_sakei	28.0392820552
AD4_1_pathabundance.tsv:PWY-5100: pyruvate fermentation to acetate and lactate II|g__Catenibacterium.s__Catenibacterium_mitsuokai	27.6776495840
AD4_1_pathabundance.tsv:PWY-5100: pyruvate fermentation to acetate and lactate II|g__Blautia.s__Blautia_sp_AF19_10LB	25.3944058862
AD4_1_pathabundance.tsv:PWY-5100: pyruvate fermentation to acetate and lactate II|g__Enterobacter.s__Enterobacter_cloacae	17.0779810965
AD4_1_pathabundance.tsv:PWY-5100: pyruvate fermentation to acetate and lactate II|g__Eubacterium.s__Eubacterium_ventriosum	16.5657728714
AD4_1_pathabundance.tsv:PWY-5100: pyruvate fermentation to acetate and lactate II|g__Flavonifractor.s__Flavonifractor_plautii	15.4358431549
AD4_1_pathabundance.tsv:PWY-5100: pyruvate fermentation to acetate and lactate II|g__Slackia.s__Slackia_isoflavoniconvertens	14.6856438537
AD4_1_pathabundance.tsv:PWY-5100: pyruvate fermentation to acetate and lactate II|g__Clostridium.s__Clostridium_sp_AM22_11AC	13.3608631552
AD4_1_pathabundance.tsv:PWY-5100: pyruvate fermentation to acetate and lactate II|g__Firmicutes_unclassified.s__Firmicutes_bacterium_CAG_170	9.9973109606
AD4_1_pathabundance.tsv:PWY-5100: pyruvate fermentation to acetate and lactate II|g__Weissella.s__Weissella_cibaria	6.8255059065
AD4_1_pathabundance.tsv:PWY-5100: pyruvate fermentation to acetate and lactate II|g__Rothia.s__Rothia_mucilaginosa	6.6506907150
AD4_1_pathabundance.tsv:PWY-5100: pyruvate fermentation to acetate and lactate II|g__Lactococcus.s__Lactococcus_garvieae	6.4916580048
AD4_1_pathabundance.tsv:PWY-5100: pyruvate fermentation to acetate and lactate II|g__Eggerthella.s__Eggerthella_lenta	5.3754379423
AD4_1_pathabundance.tsv:PWY-5100: pyruvate fermentation to acetate and lactate II|g__Klebsiella.s__Klebsiella_oxytoca	5.3045361872
AD4_1_pathabundance.tsv:PWY-5100: pyruvate fermentation to acetate and lactate II|g__Clostridium.s__Clostridium_sp_CAG_269	5.1981203597
AD4_1_pathabundance.tsv:PWY-5100: pyruvate fermentation to acetate and lactate II|g__Firmicutes_unclassified.s__Firmicutes_bacterium_CAG_110	4.8237325040
AD4_1_pathabundance.tsv:PWY-5100: pyruvate fermentation to acetate and lactate II|g__Streptococcus.s__Streptococcus_salivarius	4.6785547460
AD4_1_pathabundance.tsv:PWY-5100: pyruvate fermentation to acetate and lactate II|g__Lactococcus.s__Lactococcus_petauri	3.9121295148
AD4_1_pathabundance.tsv:PWY-5100: pyruvate fermentation to acetate and lactate II|g__Ruminococcus.s__Ruminococcus_sp_AF31_8BH	3.7266239772
AD4_1_pathabundance.tsv:PWY-5100: pyruvate fermentation to acetate and lactate II|g__Lactobacillus.s__Lactobacillus_brevis	3.3801939929
AD4_1_pathabundance.tsv:PWY-5100: pyruvate fermentation to acetate and lactate II|g__Streptococcus.s__Streptococcus_viridans	3.3755274262
AD4_1_pathabundance.tsv:PWY-5100: pyruvate fermentation to acetate and lactate II|g__Streptococcus.s__Streptococcus_gordonii	3.1801973202
AD4_1_pathabundance.tsv:PWY-5100: pyruvate fermentation to acetate and lactate II|g__Streptococcus.s__Streptococcus_sp_A12	2.7046237934
AD4_1_pathabundance.tsv:PWY-5100: pyruvate fermentation to acetate and lactate II|g__Collinsella.s__Collinsella_sp_CAG_289	2.1890175317
AD4_1_pathabundance.tsv:PWY-5100: pyruvate fermentation to acetate and lactate II|g__Enterococcus.s__Enterococcus_faecium	2.1417295935
AD4_1_pathabundance.tsv:PWY-5100: pyruvate fermentation to acetate and lactate II|g__Lactobacillus.s__Lactobacillus_fermentum	1.9647401392
AD4_1_pathabundance.tsv:PWY-5100: pyruvate fermentation to acetate and lactate II|g__Clostridium.s__Clostridium_sp_CAG_356	1.7856285857
AD4_1_pathabundance.tsv:PWY-5100: pyruvate fermentation to acetate and lactate II|g__Enterococcus.s__Enterococcus_casseliflavus	1.4772379632
AD4_1_pathabundance.tsv:ANAEROFRUCAT-PWY: homolactic fermentation	10131.5259605034
AD4_1_pathabundance.tsv:ANAEROFRUCAT-PWY: homolactic fermentation|unclassified	795.1458677679
AD4_1_pathabundance.tsv:ANAEROFRUCAT-PWY: homolactic fermentation|g__Klebsiella.s__Klebsiella_pneumoniae	643.2712283585
AD4_1_pathabundance.tsv:ANAEROFRUCAT-PWY: homolactic fermentation|g__Collinsella.s__Collinsella_aerofaciens	509.2005762505
AD4_1_pathabundance.tsv:ANAEROFRUCAT-PWY: homolactic fermentation|g__Klebsiella.s__Klebsiella_variicola	252.2021766858
AD4_1_pathabundance.tsv:ANAEROFRUCAT-PWY: homolactic fermentation|g__Escherichia.s__Escherichia_coli	128.6186749736
AD4_1_pathabundance.tsv:ANAEROFRUCAT-PWY: homolactic fermentation|g__Catenibacterium.s__Catenibacterium_mitsuokai	33.5034139654
AD4_1_pathabundance.tsv:ANAEROFRUCAT-PWY: homolactic fermentation|g__Enterobacter.s__Enterobacter_cloacae	22.9087642470
AD4_1_pathabundance.tsv:ANAEROFRUCAT-PWY: homolactic fermentation|g__Streptococcus.s__Streptococcus_pneumoniae	18.4999922732
AD4_1_pathabundance.tsv:ANAEROFRUCAT-PWY: homolactic fermentation|g__Klebsiella.s__Klebsiella_oxytoca	3.0139921428
AD4_1_pathabundance.tsv:PWY-5676: acetyl-CoA fermentation to butanoate II	3344.5631185763
AD4_1_pathabundance.tsv:PWY-5676: acetyl-CoA fermentation to butanoate II|unclassified	318.2951559410
AD4_1_pathabundance.tsv:PWY-5676: acetyl-CoA fermentation to butanoate II|g__Anaerostipes.s__Anaerostipes_hadrus	134.7905332025
AD4_1_pathabundance.tsv:PWY-5676: acetyl-CoA fermentation to butanoate II|g__Flavonifractor.s__Flavonifractor_plautii	18.3309098738
AD4_1_pathabundance.tsv:P124-PWY: Bifidobacterium shunt	1071.0811241188
AD4_1_pathabundance.tsv:P124-PWY: Bifidobacterium shunt|g__Collinsella.s__Collinsella_aerofaciens	66.1489624361
AD4_1_pathabundance.tsv:P124-PWY: Bifidobacterium shunt|unclassified	53.3402807682
AD4_1_pathabundance.tsv:P124-PWY: Bifidobacterium shunt|g__Collinsella.s__Collinsella_sp_CAG_289	8.4824137609
AD4_1_pathabundance.tsv:P124-PWY: Bifidobacterium shunt|g__Bifidobacterium.s__Bifidobacterium_adolescentis	3.7511744136
AD4_1_pathabundance.tsv:PWY-5677: succinate fermentation to butanoate	868.5767666767
AD4_1_pathabundance.tsv:PWY-5677: succinate fermentation to butanoate|unclassified	49.9547975273
AD4_1_pathabundance.tsv:PWY-5677: succinate fermentation to butanoate|g__Flavonifractor.s__Flavonifractor_plautii	18.5330164434
AD4_1_pathabundance.tsv:PWY-5088: L-glutamate degradation VIII (to propanoate)	51.2271761931
AD4_2_pathabundance.tsv:PWY-5100: pyruvate fermentation to acetate and lactate II	11880.8287478142
AD4_2_pathabundance.tsv:PWY-5100: pyruvate fermentation to acetate and lactate II|g__Prevotella.s__Prevotella_copri	2165.7134944831
AD4_2_pathabundance.tsv:PWY-5100: pyruvate fermentation to acetate and lactate II|unclassified	978.5609974068
AD4_2_pathabundance.tsv:PWY-5100: pyruvate fermentation to acetate and lactate II|g__Collinsella.s__Collinsella_aerofaciens	723.9163640084
AD4_2_pathabundance.tsv:PWY-5100: pyruvate fermentation to acetate and lactate II|g__Klebsiella.s__Klebsiella_pneumoniae	484.2858861055
AD4_2_pathabundance.tsv:PWY-5100: pyruvate fermentation to acetate and lactate II|g__Blautia.s__Ruminococcus_torques	398.8407200825
AD4_2_pathabundance.tsv:PWY-5100: pyruvate fermentation to acetate and lactate II|g__Blautia.s__Blautia_obeum	286.4908957327
AD4_2_pathabundance.tsv:PWY-5100: pyruvate fermentation to acetate and lactate II|g__Blautia.s__Blautia_wexlerae	261.7727913710
AD4_2_pathabundance.tsv:PWY-5100: pyruvate fermentation to acetate and lactate II|g__Fusicatenibacter.s__Fusicatenibacter_saccharivorans	237.0160088791
AD4_2_pathabundance.tsv:PWY-5100: pyruvate fermentation to acetate and lactate II|g__Anaerostipes.s__Anaerostipes_hadrus	209.2015194537
AD4_2_pathabundance.tsv:PWY-5100: pyruvate fermentation to acetate and lactate II|g__Senegalimassilia.s__Senegalimassilia_anaerobia	176.2482696902
AD4_2_pathabundance.tsv:PWY-5100: pyruvate fermentation to acetate and lactate II|g__Firmicutes_unclassified.s__Firmicutes_bacterium_AM10_47	170.8827306647
AD4_2_pathabundance.tsv:PWY-5100: pyruvate fermentation to acetate and lactate II|g__Eubacterium.s__Eubacterium_hallii	155.0182502741
AD4_2_pathabundance.tsv:PWY-5100: pyruvate fermentation to acetate and lactate II|g__Streptococcus.s__Streptococcus_parasanguinis	139.6225486999
AD4_2_pathabundance.tsv:PWY-5100: pyruvate fermentation to acetate and lactate II|g__Blautia.s__Blautia_sp_CAG_52	133.7509539495
AD4_2_pathabundance.tsv:PWY-5100: pyruvate fermentation to acetate and lactate II|g__Klebsiella.s__Klebsiella_variicola	132.0796427752
AD4_2_pathabundance.tsv:PWY-5100: pyruvate fermentation to acetate and lactate II|g__Adlercreutzia.s__Adlercreutzia_equolifaciens	129.5544700591
AD4_2_pathabundance.tsv:PWY-5100: pyruvate fermentation to acetate and lactate II|g__Blautia.s__Blautia_sp	121.4498002529
AD4_2_pathabundance.tsv:PWY-5100: pyruvate fermentation to acetate and lactate II|g__Roseburia.s__Roseburia_sp_CAG_471	121.2540585448
AD4_2_pathabundance.tsv:PWY-5100: pyruvate fermentation to acetate and lactate II|g__Dorea.s__Dorea_longicatena	113.1298905491
AD4_2_pathabundance.tsv:PWY-5100: pyruvate fermentation to acetate and lactate II|g__Firmicutes_unclassified.s__Firmicutes_bacterium_CAG_65_45_313	110.9184003979
AD4_2_pathabundance.tsv:PWY-5100: pyruvate fermentation to acetate and lactate II|g__Firmicutes_unclassified.s__Firmicutes_bacterium_CAG_41	100.4671270303
AD4_2_pathabundance.tsv:PWY-5100: pyruvate fermentation to acetate and lactate II|g__Clostridium.s__Clostridium_sp_CAG_510	84.7525975884
AD4_2_pathabundance.tsv:PWY-5100: pyruvate fermentation to acetate and lactate II|g__Streptococcus.s__Streptococcus_vestibularis	80.7067888421
AD4_2_pathabundance.tsv:PWY-5100: pyruvate fermentation to acetate and lactate II|g__Eubacterium.s__Eubacterium_ramulus	74.0445381443
AD4_2_pathabundance.tsv:PWY-5100: pyruvate fermentation to acetate and lactate II|g__Eubacterium.s__Eubacterium_eligens	73.3236330614
AD4_2_pathabundance.tsv:PWY-5100: pyruvate fermentation to acetate and lactate II|g__Agathobaculum.s__Agathobaculum_butyriciproducens	67.0319701804
AD4_2_pathabundance.tsv:PWY-5100: pyruvate fermentation to acetate and lactate II|g__Escherichia.s__Escherichia_coli	60.9690903563
AD4_2_pathabundance.tsv:PWY-5100: pyruvate fermentation to acetate and lactate II|g__Cryptobacterium.s__Cryptobacterium_sp_CAG_338	42.9277714242
AD4_2_pathabundance.tsv:PWY-5100: pyruvate fermentation to acetate and lactate II|g__Streptococcus.s__Streptococcus_pneumoniae	38.6298835056
AD4_2_pathabundance.tsv:PWY-5100: pyruvate fermentation to acetate and lactate II|g__Firmicutes_unclassified.s__Firmicutes_bacterium_CAG_56	35.4550189862
AD4_2_pathabundance.tsv:PWY-5100: pyruvate fermentation to acetate and lactate II|g__Lachnospira.s__Lachnospira_pectinoschiza	30.5974902004
AD4_2_pathabundance.tsv:PWY-5100: pyruvate fermentation to acetate and lactate II|g__Blautia.s__Blautia_sp_AF19_10LB	28.3090248666
AD4_2_pathabundance.tsv:PWY-5100: pyruvate fermentation to acetate and lactate II|g__Catenibacterium.s__Catenibacterium_mitsuokai	27.6193128426
AD4_2_pathabundance.tsv:PWY-5100: pyruvate fermentation to acetate and lactate II|g__Lactobacillus.s__Lactobacillus_sakei	19.0791497394
AD4_2_pathabundance.tsv:PWY-5100: pyruvate fermentation to acetate and lactate II|g__Eubacterium.s__Eubacterium_ventriosum	18.0079886434
AD4_2_pathabundance.tsv:PWY-5100: pyruvate fermentation to acetate and lactate II|g__Slackia.s__Slackia_isoflavoniconvertens	16.8073246342
AD4_2_pathabundance.tsv:PWY-5100: pyruvate fermentation to acetate and lactate II|g__Enterobacter.s__Enterobacter_cloacae	16.6808796213
AD4_2_pathabundance.tsv:PWY-5100: pyruvate fermentation to acetate and lactate II|g__Clostridium.s__Clostridium_sp_AM22_11AC	13.1996936051
AD4_2_pathabundance.tsv:PWY-5100: pyruvate fermentation to acetate and lactate II|g__Flavonifractor.s__Flavonifractor_plautii	12.5413629075
AD4_2_pathabundance.tsv:PWY-5100: pyruvate fermentation to acetate and lactate II|g__Firmicutes_unclassified.s__Firmicutes_bacterium_CAG_170	8.7959429121
AD4_2_pathabundance.tsv:PWY-5100: pyruvate fermentation to acetate and lactate II|g__Lactococcus.s__Lactococcus_petauri	8.4729751512
AD4_2_pathabundance.tsv:PWY-5100: pyruvate fermentation to acetate and lactate II|g__Klebsiella.s__Klebsiella_oxytoca	6.5184873761
AD4_2_pathabundance.tsv:PWY-5100: pyruvate fermentation to acetate and lactate II|g__Weissella.s__Weissella_cibaria	5.3441756602
AD4_2_pathabundance.tsv:PWY-5100: pyruvate fermentation to acetate and lactate II|g__Ruminococcus.s__Ruminococcus_sp_AF31_8BH	5.1808068254
AD4_2_pathabundance.tsv:PWY-5100: pyruvate fermentation to acetate and lactate II|g__Clostridium.s__Clostridium_sp_CAG_269	4.9732533671
AD4_2_pathabundance.tsv:PWY-5100: pyruvate fermentation to acetate and lactate II|g__Firmicutes_unclassified.s__Firmicutes_bacterium_CAG_110	4.7104971577
AD4_2_pathabundance.tsv:PWY-5100: pyruvate fermentation to acetate and lactate II|g__Streptococcus.s__Streptococcus_salivarius	4.5902583149
AD4_2_pathabundance.tsv:PWY-5100: pyruvate fermentation to acetate and lactate II|g__Lactococcus.s__Lactococcus_garvieae	3.9532102843
AD4_2_pathabundance.tsv:PWY-5100: pyruvate fermentation to acetate and lactate II|g__Lactobacillus.s__Lactobacillus_fermentum	3.2169811652
AD4_2_pathabundance.tsv:PWY-5100: pyruvate fermentation to acetate and lactate II|g__Lactobacillus.s__Lactobacillus_brevis	3.1738689742
AD4_2_pathabundance.tsv:PWY-5100: pyruvate fermentation to acetate and lactate II|g__Streptococcus.s__Streptococcus_viridans	2.4937655860
AD4_2_pathabundance.tsv:PWY-5100: pyruvate fermentation to acetate and lactate II|g__Collinsella.s__Collinsella_sp_CAG_289	2.1940218608
AD4_2_pathabundance.tsv:PWY-5100: pyruvate fermentation to acetate and lactate II|g__Enterococcus.s__Enterococcus_faecium	2.0723324687
AD4_2_pathabundance.tsv:PWY-5100: pyruvate fermentation to acetate and lactate II|g__Eggerthella.s__Eggerthella_lenta	1.8501305476
AD4_2_pathabundance.tsv:PWY-5100: pyruvate fermentation to acetate and lactate II|g__Clostridium.s__Clostridium_sp_CAG_356	1.7739794088
AD4_2_pathabundance.tsv:PWY-5100: pyruvate fermentation to acetate and lactate II|g__Streptococcus.s__Streptococcus_gordonii	1.7301524364
AD4_2_pathabundance.tsv:PWY-5100: pyruvate fermentation to acetate and lactate II|g__Streptococcus.s__Streptococcus_sp_A12	1.6359440273
AD4_2_pathabundance.tsv:ANAEROFRUCAT-PWY: homolactic fermentation	9895.2043120388
AD4_2_pathabundance.tsv:ANAEROFRUCAT-PWY: homolactic fermentation|unclassified	653.9569234790
AD4_2_pathabundance.tsv:ANAEROFRUCAT-PWY: homolactic fermentation|g__Klebsiella.s__Klebsiella_pneumoniae	607.9306096511
AD4_2_pathabundance.tsv:ANAEROFRUCAT-PWY: homolactic fermentation|g__Collinsella.s__Collinsella_aerofaciens	506.2519856392
AD4_2_pathabundance.tsv:ANAEROFRUCAT-PWY: homolactic fermentation|g__Klebsiella.s__Klebsiella_variicola	254.9456349471
AD4_2_pathabundance.tsv:ANAEROFRUCAT-PWY: homolactic fermentation|g__Escherichia.s__Escherichia_coli	109.0558739555
AD4_2_pathabundance.tsv:ANAEROFRUCAT-PWY: homolactic fermentation|g__Streptococcus.s__Streptococcus_pneumoniae	21.8697465537
AD4_2_pathabundance.tsv:ANAEROFRUCAT-PWY: homolactic fermentation|g__Enterobacter.s__Enterobacter_cloacae	19.7478856946
AD4_2_pathabundance.tsv:ANAEROFRUCAT-PWY: homolactic fermentation|g__Catenibacterium.s__Catenibacterium_mitsuokai	9.6269693979
AD4_2_pathabundance.tsv:ANAEROFRUCAT-PWY: homolactic fermentation|g__Klebsiella.s__Klebsiella_oxytoca	5.5711359142
AD4_2_pathabundance.tsv:PWY-5676: acetyl-CoA fermentation to butanoate II	3215.5962863900
AD4_2_pathabundance.tsv:PWY-5676: acetyl-CoA fermentation to butanoate II|unclassified	289.6104318415
AD4_2_pathabundance.tsv:PWY-5676: acetyl-CoA fermentation to butanoate II|g__Anaerostipes.s__Anaerostipes_hadrus	137.1944248072
AD4_2_pathabundance.tsv:PWY-5676: acetyl-CoA fermentation to butanoate II|g__Flavonifractor.s__Flavonifractor_plautii	18.0791215931
AD4_2_pathabundance.tsv:P124-PWY: Bifidobacterium shunt	1033.7735517943
AD4_2_pathabundance.tsv:P124-PWY: Bifidobacterium shunt|g__Collinsella.s__Collinsella_aerofaciens	55.5063536412
AD4_2_pathabundance.tsv:P124-PWY: Bifidobacterium shunt|unclassified	51.2224611779
AD4_2_pathabundance.tsv:P124-PWY: Bifidobacterium shunt|g__Collinsella.s__Collinsella_sp_CAG_289	9.2146785776
AD4_2_pathabundance.tsv:P124-PWY: Bifidobacterium shunt|g__Bifidobacterium.s__Bifidobacterium_adolescentis	6.0031497311
AD4_2_pathabundance.tsv:PWY-5677: succinate fermentation to butanoate	855.4226561211
AD4_2_pathabundance.tsv:PWY-5677: succinate fermentation to butanoate|unclassified	33.4488439529
AD4_2_pathabundance.tsv:PWY-5677: succinate fermentation to butanoate|g__Flavonifractor.s__Flavonifractor_plautii	18.9948153745
AD4_2_pathabundance.tsv:PWY-5088: L-glutamate degradation VIII (to propanoate)	54.5550168358
AD5_2_pathabundance.tsv:ANAEROFRUCAT-PWY: homolactic fermentation	15330.1525538649
AD5_2_pathabundance.tsv:ANAEROFRUCAT-PWY: homolactic fermentation|g__Escherichia.s__Escherichia_coli	2219.4257388035
AD5_2_pathabundance.tsv:ANAEROFRUCAT-PWY: homolactic fermentation|unclassified	815.8948473069
AD5_2_pathabundance.tsv:ANAEROFRUCAT-PWY: homolactic fermentation|g__Turicibacter.s__Turicibacter_sanguinis	257.7830354722
AD5_2_pathabundance.tsv:ANAEROFRUCAT-PWY: homolactic fermentation|g__Escherichia.s__Escherichia_fergusonii	1.6980545796
AD5_2_pathabundance.tsv:PWY-5100: pyruvate fermentation to acetate and lactate II	12644.7956214686
AD5_2_pathabundance.tsv:PWY-5100: pyruvate fermentation to acetate and lactate II|g__Escherichia.s__Escherichia_coli	1782.9709800524
AD5_2_pathabundance.tsv:PWY-5100: pyruvate fermentation to acetate and lactate II|unclassified	875.0742091680
AD5_2_pathabundance.tsv:PWY-5100: pyruvate fermentation to acetate and lactate II|g__Blautia.s__Ruminococcus_torques	768.6681460139
AD5_2_pathabundance.tsv:PWY-5100: pyruvate fermentation to acetate and lactate II|g__Blautia.s__Blautia_obeum	511.5587413777
AD5_2_pathabundance.tsv:PWY-5100: pyruvate fermentation to acetate and lactate II|g__Firmicutes_unclassified.s__Firmicutes_bacterium_CAG_65_45_313	371.5061767210
AD5_2_pathabundance.tsv:PWY-5100: pyruvate fermentation to acetate and lactate II|g__Eubacterium.s__Eubacterium_hallii	329.9678028482
AD5_2_pathabundance.tsv:PWY-5100: pyruvate fermentation to acetate and lactate II|g__Blautia.s__Blautia_wexlerae	312.3828780045
AD5_2_pathabundance.tsv:PWY-5100: pyruvate fermentation to acetate and lactate II|g__Clostridium.s__Clostridium_disporicum	261.9379577028
AD5_2_pathabundance.tsv:PWY-5100: pyruvate fermentation to acetate and lactate II|g__Fusicatenibacter.s__Fusicatenibacter_saccharivorans	137.2169455361
AD5_2_pathabundance.tsv:PWY-5100: pyruvate fermentation to acetate and lactate II|g__Dorea.s__Dorea_longicatena	121.5371725944
AD5_2_pathabundance.tsv:PWY-5100: pyruvate fermentation to acetate and lactate II|g__Lactobacillus.s__Lactobacillus_ruminis	102.0205500122
AD5_2_pathabundance.tsv:PWY-5100: pyruvate fermentation to acetate and lactate II|g__Blautia.s__Blautia_sp	99.2732492326
AD5_2_pathabundance.tsv:PWY-5100: pyruvate fermentation to acetate and lactate II|g__Turicibacter.s__Turicibacter_sanguinis	93.0741891702
AD5_2_pathabundance.tsv:PWY-5100: pyruvate fermentation to acetate and lactate II|g__Erysipelatoclostridium.s__Clostridium_innocuum	92.6289426967
AD5_2_pathabundance.tsv:PWY-5100: pyruvate fermentation to acetate and lactate II|g__Prevotella.s__Prevotella_copri	92.6068171965
AD5_2_pathabundance.tsv:PWY-5100: pyruvate fermentation to acetate and lactate II|g__Anaerostipes.s__Anaerostipes_hadrus	85.6604682013
AD5_2_pathabundance.tsv:PWY-5100: pyruvate fermentation to acetate and lactate II|g__Blautia.s__Blautia_sp_AF19_10LB	85.2901862967
AD5_2_pathabundance.tsv:PWY-5100: pyruvate fermentation to acetate and lactate II|g__Flavonifractor.s__Flavonifractor_plautii	82.4898545144
AD5_2_pathabundance.tsv:PWY-5100: pyruvate fermentation to acetate and lactate II|g__Roseburia.s__Roseburia_hominis	57.6643638785
AD5_2_pathabundance.tsv:PWY-5100: pyruvate fermentation to acetate and lactate II|g__Firmicutes_unclassified.s__Firmicutes_bacterium_AM10_47	49.2465814310
AD5_2_pathabundance.tsv:PWY-5100: pyruvate fermentation to acetate and lactate II|g__Firmicutes_unclassified.s__Firmicutes_bacterium_CAG_41	48.3554168736
AD5_2_pathabundance.tsv:PWY-5100: pyruvate fermentation to acetate and lactate II|g__Agathobaculum.s__Agathobaculum_butyriciproducens	47.1925610354
AD5_2_pathabundance.tsv:PWY-5100: pyruvate fermentation to acetate and lactate II|g__Parabacteroides.s__Parabacteroides_distasonis	43.6749581491
AD5_2_pathabundance.tsv:PWY-5100: pyruvate fermentation to acetate and lactate II|g__Senegalimassilia.s__Senegalimassilia_anaerobia	34.8562730826
AD5_2_pathabundance.tsv:PWY-5100: pyruvate fermentation to acetate and lactate II|g__Eubacterium.s__Eubacterium_eligens	34.2486305335
AD5_2_pathabundance.tsv:PWY-5100: pyruvate fermentation to acetate and lactate II|g__Firmicutes_unclassified.s__Firmicutes_bacterium_CAG_110	27.5844553745
AD5_2_pathabundance.tsv:PWY-5100: pyruvate fermentation to acetate and lactate II|g__Ruminococcus.s__Ruminococcus_sp_AF31_8BH	27.1178895358
AD5_2_pathabundance.tsv:PWY-5100: pyruvate fermentation to acetate and lactate II|g__Adlercreutzia.s__Adlercreutzia_equolifaciens	21.4006241000
AD5_2_pathabundance.tsv:PWY-5100: pyruvate fermentation to acetate and lactate II|g__Coprococcus.s__Coprococcus_eutactus	16.1510592514
AD5_2_pathabundance.tsv:PWY-5100: pyruvate fermentation to acetate and lactate II|g__Firmicutes_unclassified.s__Firmicutes_bacterium_CAG_170	15.8786994989
AD5_2_pathabundance.tsv:PWY-5100: pyruvate fermentation to acetate and lactate II|g__Firmicutes_unclassified.s__Firmicutes_bacterium_CAG_137	13.2854030861
AD5_2_pathabundance.tsv:PWY-5100: pyruvate fermentation to acetate and lactate II|g__Roseburia.s__Roseburia_intestinalis	13.1713807730
AD5_2_pathabundance.tsv:PWY-5100: pyruvate fermentation to acetate and lactate II|g__Roseburia.s__Roseburia_sp_CAG_471	13.1003594326
AD5_2_pathabundance.tsv:PWY-5100: pyruvate fermentation to acetate and lactate II|g__Eubacterium.s__Eubacterium_sp_AF17_7	13.0673938438
AD5_2_pathabundance.tsv:PWY-5100: pyruvate fermentation to acetate and lactate II|g__Ruminococcus.s__Ruminococcus_lactaris	11.5075714862
AD5_2_pathabundance.tsv:PWY-5100: pyruvate fermentation to acetate and lactate II|g__Eubacterium.s__Eubacterium_ramulus	11.2376654799
AD5_2_pathabundance.tsv:PWY-5100: pyruvate fermentation to acetate and lactate II|g__Lactobacillus.s__Lactobacillus_plantarum	10.1089477840
AD5_2_pathabundance.tsv:PWY-5100: pyruvate fermentation to acetate and lactate II|g__Clostridium.s__Clostridium_celatum	7.7026306797
AD5_2_pathabundance.tsv:PWY-5100: pyruvate fermentation to acetate and lactate II|g__Streptococcus.s__Streptococcus_salivarius	7.5939807341
AD5_2_pathabundance.tsv:PWY-5100: pyruvate fermentation to acetate and lactate II|g__Eubacterium.s__Eubacterium_ventriosum	6.5927185115
AD5_2_pathabundance.tsv:PWY-5100: pyruvate fermentation to acetate and lactate II|g__Streptococcus.s__Streptococcus_australis	5.8352729425
AD5_2_pathabundance.tsv:PWY-5100: pyruvate fermentation to acetate and lactate II|g__Streptococcus.s__Streptococcus_pneumoniae	5.7904741931
AD5_2_pathabundance.tsv:PWY-5100: pyruvate fermentation to acetate and lactate II|g__Roseburia.s__Roseburia_sp_CAG_303	5.5537163023
AD5_2_pathabundance.tsv:PWY-5100: pyruvate fermentation to acetate and lactate II|g__Slackia.s__Slackia_isoflavoniconvertens	5.5532256651
AD5_2_pathabundance.tsv:PWY-5100: pyruvate fermentation to acetate and lactate II|g__Streptococcus.s__Streptococcus_sp_A12	5.4155352005
AD5_2_pathabundance.tsv:PWY-5100: pyruvate fermentation to acetate and lactate II|g__Eggerthella.s__Eggerthella_lenta	5.1760367224
AD5_2_pathabundance.tsv:PWY-5100: pyruvate fermentation to acetate and lactate II|g__Streptococcus.s__Streptococcus_thermophilus	5.0026250717
AD5_2_pathabundance.tsv:PWY-5100: pyruvate fermentation to acetate and lactate II|g__Firmicutes_unclassified.s__Firmicutes_bacterium_CAG_56	4.4679491704
AD5_2_pathabundance.tsv:PWY-5100: pyruvate fermentation to acetate and lactate II|g__Lachnospira.s__Lachnospira_pectinoschiza	3.8903433513
AD5_2_pathabundance.tsv:PWY-5100: pyruvate fermentation to acetate and lactate II|g__Eggerthella.s__Eggerthella_sp_CAG_209	3.5667907969
AD5_2_pathabundance.tsv:PWY-5100: pyruvate fermentation to acetate and lactate II|g__Christensenella.s__Christensenella_minuta	1.6290516096
AD5_2_pathabundance.tsv:PWY-5100: pyruvate fermentation to acetate and lactate II|g__Monoglobus.s__Monoglobus_pectinilyticus	1.5311957653
AD5_2_pathabundance.tsv:PWY-5676: acetyl-CoA fermentation to butanoate II	4936.4253960878
AD5_2_pathabundance.tsv:PWY-5676: acetyl-CoA fermentation to butanoate II|unclassified	308.3469617722
AD5_2_pathabundance.tsv:PWY-5676: acetyl-CoA fermentation to butanoate II|g__Flavonifractor.s__Flavonifractor_plautii	122.4732183011
AD5_2_pathabundance.tsv:PWY-5676: acetyl-CoA fermentation to butanoate II|g__Erysipelatoclostridium.s__Clostridium_innocuum	114.7194305603
AD5_2_pathabundance.tsv:PWY-5676: acetyl-CoA fermentation to butanoate II|g__Anaerostipes.s__Anaerostipes_hadrus	46.2312466929
AD5_2_pathabundance.tsv:PWY-5676: acetyl-CoA fermentation to butanoate II|g__Coprococcus.s__Coprococcus_eutactus	10.0191775353
AD5_2_pathabundance.tsv:PWY-5676: acetyl-CoA fermentation to butanoate II|g__Intestinimonas.s__Intestinimonas_butyriciproducens	7.9803354387
AD5_2_pathabundance.tsv:PWY-5677: succinate fermentation to butanoate	1153.2347729573
AD5_2_pathabundance.tsv:PWY-5677: succinate fermentation to butanoate|g__Flavonifractor.s__Flavonifractor_plautii	116.5119102656
AD5_2_pathabundance.tsv:PWY-5677: succinate fermentation to butanoate|unclassified	52.9265638607
AD5_2_pathabundance.tsv:PWY-5677: succinate fermentation to butanoate|g__Lachnoclostridium.s__Clostridium_symbiosum	1.8839312314
AD5_2_pathabundance.tsv:PWY-5677: succinate fermentation to butanoate|g__Christensenella.s__Christensenella_minuta	1.1500440844
AD5_2_pathabundance.tsv:P124-PWY: Bifidobacterium shunt	615.5610769514
AD5_2_pathabundance.tsv:PWY-5088: L-glutamate degradation VIII (to propanoate)	242.5550939939
HC1_1_pathabundance.tsv:ANAEROFRUCAT-PWY: homolactic fermentation	11905.3601042951
HC1_1_pathabundance.tsv:ANAEROFRUCAT-PWY: homolactic fermentation|unclassified	589.4339655680
HC1_1_pathabundance.tsv:ANAEROFRUCAT-PWY: homolactic fermentation|g__Collinsella.s__Collinsella_aerofaciens	271.5586470177
HC1_1_pathabundance.tsv:ANAEROFRUCAT-PWY: homolactic fermentation|g__Enterococcus.s__Enterococcus_faecium	25.2662283995
HC1_1_pathabundance.tsv:PWY-5100: pyruvate fermentation to acetate and lactate II	9262.0611091486
HC1_1_pathabundance.tsv:PWY-5100: pyruvate fermentation to acetate and lactate II|g__Lactobacillus.s__Lactobacillus_sakei	850.3618714410
HC1_1_pathabundance.tsv:PWY-5100: pyruvate fermentation to acetate and lactate II|g__Anaerostipes.s__Anaerostipes_hadrus	565.5582652004
HC1_1_pathabundance.tsv:PWY-5100: pyruvate fermentation to acetate and lactate II|g__Collinsella.s__Collinsella_aerofaciens	551.9524381416
HC1_1_pathabundance.tsv:PWY-5100: pyruvate fermentation to acetate and lactate II|unclassified	280.8128748343
HC1_1_pathabundance.tsv:PWY-5100: pyruvate fermentation to acetate and lactate II|g__Blautia.s__Blautia_obeum	278.6227276100
HC1_1_pathabundance.tsv:PWY-5100: pyruvate fermentation to acetate and lactate II|g__Enterococcus.s__Enterococcus_faecium	256.9161727022
HC1_1_pathabundance.tsv:PWY-5100: pyruvate fermentation to acetate and lactate II|g__Blautia.s__Blautia_sp_CAG_52	212.9614445625
HC1_1_pathabundance.tsv:PWY-5100: pyruvate fermentation to acetate and lactate II|g__Eubacterium.s__Eubacterium_hallii	147.3916750148
HC1_1_pathabundance.tsv:PWY-5100: pyruvate fermentation to acetate and lactate II|g__Lactobacillus.s__Lactobacillus_curvatus	134.3002354313
HC1_1_pathabundance.tsv:PWY-5100: pyruvate fermentation to acetate and lactate II|g__Fusicatenibacter.s__Fusicatenibacter_saccharivorans	130.2401572093
HC1_1_pathabundance.tsv:PWY-5100: pyruvate fermentation to acetate and lactate II|g__Blautia.s__Ruminococcus_torques	106.2134695563
HC1_1_pathabundance.tsv:PWY-5100: pyruvate fermentation to acetate and lactate II|g__Blautia.s__Blautia_wexlerae	80.4806601350
HC1_1_pathabundance.tsv:PWY-5100: pyruvate fermentation to acetate and lactate II|g__Lactobacillus.s__Lactobacillus_crispatus	48.0018481737
HC1_1_pathabundance.tsv:PWY-5100: pyruvate fermentation to acetate and lactate II|g__Adlercreutzia.s__Adlercreutzia_equolifaciens	43.3982452872
HC1_1_pathabundance.tsv:PWY-5100: pyruvate fermentation to acetate and lactate II|g__Roseburia.s__Roseburia_sp_CAG_471	41.7176109861
HC1_1_pathabundance.tsv:PWY-5100: pyruvate fermentation to acetate and lactate II|g__Blautia.s__Blautia_sp_AF19_10LB	31.3105984396
HC1_1_pathabundance.tsv:PWY-5100: pyruvate fermentation to acetate and lactate II|g__Lactobacillus.s__Lactobacillus_paragasseri	27.0161047113
HC1_1_pathabundance.tsv:PWY-5100: pyruvate fermentation to acetate and lactate II|g__Firmicutes_unclassified.s__Firmicutes_bacterium_AM10_47	25.0144586010
HC1_1_pathabundance.tsv:PWY-5100: pyruvate fermentation to acetate and lactate II|g__Eggerthella.s__Eggerthella_sp_CAG_209	23.9006252590
HC1_1_pathabundance.tsv:PWY-5100: pyruvate fermentation to acetate and lactate II|g__Agathobaculum.s__Agathobaculum_butyriciproducens	21.4338473099
HC1_1_pathabundance.tsv:PWY-5100: pyruvate fermentation to acetate and lactate II|g__Streptococcus.s__Streptococcus_vestibularis	18.3526629759
HC1_1_pathabundance.tsv:PWY-5100: pyruvate fermentation to acetate and lactate II|g__Ruminococcus.s__Ruminococcus_lactaris	14.9359477716
HC1_1_pathabundance.tsv:PWY-5100: pyruvate fermentation to acetate and lactate II|g__Dorea.s__Dorea_longicatena	12.5137933969
HC1_1_pathabundance.tsv:PWY-5100: pyruvate fermentation to acetate and lactate II|g__Clostridium.s__Clostridium_sp_CAG_356	10.1741530199
HC1_1_pathabundance.tsv:PWY-5100: pyruvate fermentation to acetate and lactate II|g__Eubacterium.s__Eubacterium_eligens	8.7184643850
HC1_1_pathabundance.tsv:PWY-5100: pyruvate fermentation to acetate and lactate II|g__Streptococcus.s__Streptococcus_pneumoniae	8.6753423119
HC1_1_pathabundance.tsv:PWY-5100: pyruvate fermentation to acetate and lactate II|g__Firmicutes_unclassified.s__Firmicutes_bacterium_CAG_41	7.6399663364
HC1_1_pathabundance.tsv:PWY-5100: pyruvate fermentation to acetate and lactate II|g__Roseburia.s__Roseburia_hominis	7.3744137000
HC1_1_pathabundance.tsv:PWY-5100: pyruvate fermentation to acetate and lactate II|g__Enterococcus.s__Enterococcus_durans	6.9757422334
HC1_1_pathabundance.tsv:PWY-5100: pyruvate fermentation to acetate and lactate II|g__Lactobacillus.s__Lactobacillus_casei_group	5.8407591860
HC1_1_pathabundance.tsv:PWY-5100: pyruvate fermentation to acetate and lactate II|g__Eggerthella.s__Eggerthella_lenta	5.5591142801
HC1_1_pathabundance.tsv:PWY-5100: pyruvate fermentation to acetate and lactate II|g__Firmicutes_unclassified.s__Firmicutes_bacterium_CAG_65_45_313	4.2209069649
HC1_1_pathabundance.tsv:PWY-5100: pyruvate fermentation to acetate and lactate II|g__Streptococcus.s__Streptococcus_parasanguinis	2.8912851112
HC1_1_pathabundance.tsv:PWY-5100: pyruvate fermentation to acetate and lactate II|g__Eubacterium.s__Eubacterium_ventriosum	1.4677295668
HC1_1_pathabundance.tsv:PWY-5100: pyruvate fermentation to acetate and lactate II|g__Lachnospira.s__Lachnospira_pectinoschiza	1.4334036709
HC1_1_pathabundance.tsv:P124-PWY: Bifidobacterium shunt	8390.6731196561
HC1_1_pathabundance.tsv:P124-PWY: Bifidobacterium shunt|g__Bifidobacterium.s__Bifidobacterium_pseudocatenulatum	4221.6676578556
HC1_1_pathabundance.tsv:P124-PWY: Bifidobacterium shunt|g__Collinsella.s__Collinsella_aerofaciens	437.3519789446
HC1_1_pathabundance.tsv:P124-PWY: Bifidobacterium shunt|g__Bifidobacterium.s__Bifidobacterium_longum	344.2140084119
HC1_1_pathabundance.tsv:P124-PWY: Bifidobacterium shunt|g__Bifidobacterium.s__Bifidobacterium_dentium	65.9554780767
HC1_1_pathabundance.tsv:PWY-5676: acetyl-CoA fermentation to butanoate II	1554.3652010404
HC1_1_pathabundance.tsv:PWY-5676: acetyl-CoA fermentation to butanoate II|g__Anaerostipes.s__Anaerostipes_hadrus	407.9737562516
HC1_1_pathabundance.tsv:PWY-5676: acetyl-CoA fermentation to butanoate II|unclassified	57.6933865654
HC1_1_pathabundance.tsv:PWY-5677: succinate fermentation to butanoate	196.6044036266
HC1_1_pathabundance.tsv:PWY-5677: succinate fermentation to butanoate|g__Flavonifractor.s__Flavonifractor_plautii	3.0441660575
HC1_2_pathabundance.tsv:ANAEROFRUCAT-PWY: homolactic fermentation	11534.9801031963
HC1_2_pathabundance.tsv:ANAEROFRUCAT-PWY: homolactic fermentation|unclassified	539.8197794569
HC1_2_pathabundance.tsv:ANAEROFRUCAT-PWY: homolactic fermentation|g__Collinsella.s__Collinsella_aerofaciens	270.4289807522
HC1_2_pathabundance.tsv:PWY-5100: pyruvate fermentation to acetate and lactate II	8926.9999133693
HC1_2_pathabundance.tsv:PWY-5100: pyruvate fermentation to acetate and lactate II|g__Lactobacillus.s__Lactobacillus_sakei	846.6404200643
HC1_2_pathabundance.tsv:PWY-5100: pyruvate fermentation to acetate and lactate II|g__Collinsella.s__Collinsella_aerofaciens	567.2466491714
HC1_2_pathabundance.tsv:PWY-5100: pyruvate fermentation to acetate and lactate II|g__Anaerostipes.s__Anaerostipes_hadrus	552.1013772005
HC1_2_pathabundance.tsv:PWY-5100: pyruvate fermentation to acetate and lactate II|g__Blautia.s__Blautia_obeum	280.1114525393
HC1_2_pathabundance.tsv:PWY-5100: pyruvate fermentation to acetate and lactate II|unclassified	272.2289495565
HC1_2_pathabundance.tsv:PWY-5100: pyruvate fermentation to acetate and lactate II|g__Enterococcus.s__Enterococcus_faecium	254.3938042010
HC1_2_pathabundance.tsv:PWY-5100: pyruvate fermentation to acetate and lactate II|g__Blautia.s__Blautia_sp_CAG_52	208.8855634183
HC1_2_pathabundance.tsv:PWY-5100: pyruvate fermentation to acetate and lactate II|g__Eubacterium.s__Eubacterium_hallii	134.1625965187
HC1_2_pathabundance.tsv:PWY-5100: pyruvate fermentation to acetate and lactate II|g__Lactobacillus.s__Lactobacillus_curvatus	126.1636961270
HC1_2_pathabundance.tsv:PWY-5100: pyruvate fermentation to acetate and lactate II|g__Fusicatenibacter.s__Fusicatenibacter_saccharivorans	124.7655751931
HC1_2_pathabundance.tsv:PWY-5100: pyruvate fermentation to acetate and lactate II|g__Blautia.s__Ruminococcus_torques	100.0908031776
HC1_2_pathabundance.tsv:PWY-5100: pyruvate fermentation to acetate and lactate II|g__Blautia.s__Blautia_wexlerae	72.6096639893
HC1_2_pathabundance.tsv:PWY-5100: pyruvate fermentation to acetate and lactate II|g__Lactobacillus.s__Lactobacillus_crispatus	49.9166621303
HC1_2_pathabundance.tsv:PWY-5100: pyruvate fermentation to acetate and lactate II|g__Roseburia.s__Roseburia_sp_CAG_471	45.9186289887
HC1_2_pathabundance.tsv:PWY-5100: pyruvate fermentation to acetate and lactate II|g__Adlercreutzia.s__Adlercreutzia_equolifaciens	43.6863000200
HC1_2_pathabundance.tsv:PWY-5100: pyruvate fermentation to acetate and lactate II|g__Blautia.s__Blautia_sp_AF19_10LB	32.1623474617
HC1_2_pathabundance.tsv:PWY-5100: pyruvate fermentation to acetate and lactate II|g__Dorea.s__Dorea_longicatena	26.9253970592
HC1_2_pathabundance.tsv:PWY-5100: pyruvate fermentation to acetate and lactate II|g__Firmicutes_unclassified.s__Firmicutes_bacterium_AM10_47	26.1566589259
HC1_2_pathabundance.tsv:PWY-5100: pyruvate fermentation to acetate and lactate II|g__Eggerthella.s__Eggerthella_sp_CAG_209	23.9524222770
HC1_2_pathabundance.tsv:PWY-5100: pyruvate fermentation to acetate and lactate II|g__Agathobaculum.s__Agathobaculum_butyriciproducens	19.9863913439
HC1_2_pathabundance.tsv:PWY-5100: pyruvate fermentation to acetate and lactate II|g__Lactobacillus.s__Lactobacillus_paragasseri	17.9187796534
HC1_2_pathabundance.tsv:PWY-5100: pyruvate fermentation to acetate and lactate II|g__Streptococcus.s__Streptococcus_vestibularis	15.8778338338
HC1_2_pathabundance.tsv:PWY-5100: pyruvate fermentation to acetate and lactate II|g__Ruminococcus.s__Ruminococcus_lactaris	12.0181169002
HC1_2_pathabundance.tsv:PWY-5100: pyruvate fermentation to acetate and lactate II|g__Clostridium.s__Clostridium_sp_CAG_356	10.4425290929
HC1_2_pathabundance.tsv:PWY-5100: pyruvate fermentation to acetate and lactate II|g__Eubacterium.s__Eubacterium_eligens	8.5158358335
HC1_2_pathabundance.tsv:PWY-5100: pyruvate fermentation to acetate and lactate II|g__Firmicutes_unclassified.s__Firmicutes_bacterium_CAG_41	7.5671986948
HC1_2_pathabundance.tsv:PWY-5100: pyruvate fermentation to acetate and lactate II|g__Roseburia.s__Roseburia_hominis	6.2233291681
HC1_2_pathabundance.tsv:PWY-5100: pyruvate fermentation to acetate and lactate II|g__Lactobacillus.s__Lactobacillus_casei_group	5.5761935368
HC1_2_pathabundance.tsv:PWY-5100: pyruvate fermentation to acetate and lactate II|g__Enterococcus.s__Enterococcus_durans	5.5063201773
HC1_2_pathabundance.tsv:PWY-5100: pyruvate fermentation to acetate and lactate II|g__Eggerthella.s__Eggerthella_lenta	4.7209840330
HC1_2_pathabundance.tsv:PWY-5100: pyruvate fermentation to acetate and lactate II|g__Streptococcus.s__Streptococcus_salivarius	4.4133876381
HC1_2_pathabundance.tsv:PWY-5100: pyruvate fermentation to acetate and lactate II|g__Firmicutes_unclassified.s__Firmicutes_bacterium_CAG_65_45_313	4.0968036805
HC1_2_pathabundance.tsv:PWY-5100: pyruvate fermentation to acetate and lactate II|g__Eubacterium.s__Eubacterium_ventriosum	2.4827063582
HC1_2_pathabundance.tsv:PWY-5100: pyruvate fermentation to acetate and lactate II|g__Streptococcus.s__Streptococcus_pneumoniae	2.3102940918
HC1_2_pathabundance.tsv:PWY-5100: pyruvate fermentation to acetate and lactate II|g__Streptococcus.s__Streptococcus_parasanguinis	1.7404909411
HC1_2_pathabundance.tsv:PWY-5100: pyruvate fermentation to acetate and lactate II|g__Lachnospira.s__Lachnospira_pectinoschiza	1.4335364799
HC1_2_pathabundance.tsv:P124-PWY: Bifidobacterium shunt	8086.0942103068
HC1_2_pathabundance.tsv:P124-PWY: Bifidobacterium shunt|g__Bifidobacterium.s__Bifidobacterium_pseudocatenulatum	4064.6012484466
HC1_2_pathabundance.tsv:P124-PWY: Bifidobacterium shunt|g__Collinsella.s__Collinsella_aerofaciens	423.6577934563
HC1_2_pathabundance.tsv:P124-PWY: Bifidobacterium shunt|g__Bifidobacterium.s__Bifidobacterium_longum	334.1134521935
HC1_2_pathabundance.tsv:P124-PWY: Bifidobacterium shunt|g__Bifidobacterium.s__Bifidobacterium_dentium	69.2179987106
HC1_2_pathabundance.tsv:P124-PWY: Bifidobacterium shunt|unclassified	17.7662402150
HC1_2_pathabundance.tsv:PWY-5676: acetyl-CoA fermentation to butanoate II	1428.0518745113
HC1_2_pathabundance.tsv:PWY-5676: acetyl-CoA fermentation to butanoate II|g__Anaerostipes.s__Anaerostipes_hadrus	376.7220425845
HC1_2_pathabundance.tsv:PWY-5676: acetyl-CoA fermentation to butanoate II|unclassified	56.9376153658
HC1_2_pathabundance.tsv:PWY-5677: succinate fermentation to butanoate	198.9829388451
HC1_2_pathabundance.tsv:PWY-5677: succinate fermentation to butanoate|g__Flavonifractor.s__Flavonifractor_plautii	2.1179046662
HC2_1_pathabundance.tsv:ANAEROFRUCAT-PWY: homolactic fermentation	8614.0394565114
HC2_1_pathabundance.tsv:ANAEROFRUCAT-PWY: homolactic fermentation|g__Escherichia.s__Escherichia_coli	2612.0120754465
HC2_1_pathabundance.tsv:ANAEROFRUCAT-PWY: homolactic fermentation|unclassified	607.8342228101
HC2_1_pathabundance.tsv:PWY-5100: pyruvate fermentation to acetate and lactate II	4381.2599829235
HC2_1_pathabundance.tsv:PWY-5100: pyruvate fermentation to acetate and lactate II|g__Prevotella.s__Prevotella_copri	1903.2711937459
HC2_1_pathabundance.tsv:PWY-5100: pyruvate fermentation to acetate and lactate II|g__Escherichia.s__Escherichia_coli	1605.5906931408
HC2_1_pathabundance.tsv:PWY-5100: pyruvate fermentation to acetate and lactate II|g__Firmicutes_unclassified.s__Firmicutes_bacterium_CAG_65_45_313	416.3649399098
HC2_1_pathabundance.tsv:PWY-5100: pyruvate fermentation to acetate and lactate II|unclassified	339.2047539362
HC2_1_pathabundance.tsv:PWY-5100: pyruvate fermentation to acetate and lactate II|g__Eubacterium.s__Eubacterium_sp_36_13	112.1551471289
HC2_1_pathabundance.tsv:PWY-5100: pyruvate fermentation to acetate and lactate II|g__Holdemanella.s__Holdemanella_biformis	32.0011444884
HC2_1_pathabundance.tsv:PWY-5100: pyruvate fermentation to acetate and lactate II|g__Clostridium.s__Clostridium_sp_AM22_11AC	25.8015350395
HC2_1_pathabundance.tsv:PWY-5100: pyruvate fermentation to acetate and lactate II|g__Blautia.s__Ruminococcus_torques	23.3217483114
HC2_1_pathabundance.tsv:PWY-5100: pyruvate fermentation to acetate and lactate II|g__Streptococcus.s__Streptococcus_parasanguinis	22.2710100920
HC2_1_pathabundance.tsv:PWY-5100: pyruvate fermentation to acetate and lactate II|g__Agathobaculum.s__Agathobaculum_butyriciproducens	20.2626716865
HC2_1_pathabundance.tsv:PWY-5100: pyruvate fermentation to acetate and lactate II|g__Fusicatenibacter.s__Fusicatenibacter_saccharivorans	8.9895909473
HC2_1_pathabundance.tsv:PWY-5100: pyruvate fermentation to acetate and lactate II|g__Dorea.s__Dorea_longicatena	8.8194956685
HC2_1_pathabundance.tsv:PWY-5100: pyruvate fermentation to acetate and lactate II|g__Flavonifractor.s__Flavonifractor_plautii	4.7223779635
HC2_1_pathabundance.tsv:PWY-5100: pyruvate fermentation to acetate and lactate II|g__Roseburia.s__Roseburia_sp_CAG_471	4.5388629111
HC2_1_pathabundance.tsv:PWY-5100: pyruvate fermentation to acetate and lactate II|g__Firmicutes_unclassified.s__Firmicutes_bacterium_AF16_15	3.1765579739
HC2_1_pathabundance.tsv:PWY-5100: pyruvate fermentation to acetate and lactate II|g__Eubacterium.s__Eubacterium_ramulus	2.5558200167
HC2_1_pathabundance.tsv:PWY-5100: pyruvate fermentation to acetate and lactate II|g__Enterobacter.s__Enterobacter_cloacae	2.2465391374
HC2_1_pathabundance.tsv:PWY-5100: pyruvate fermentation to acetate and lactate II|g__Blautia.s__Blautia_wexlerae	2.0140352886
HC2_1_pathabundance.tsv:PWY-5100: pyruvate fermentation to acetate and lactate II|g__Blautia.s__Blautia_sp	1.8467393779
HC2_1_pathabundance.tsv:PWY-5100: pyruvate fermentation to acetate and lactate II|g__Anaerostipes.s__Anaerostipes_hadrus	1.8376759714
HC2_1_pathabundance.tsv:PWY-5100: pyruvate fermentation to acetate and lactate II|g__Blautia.s__Blautia_obeum	1.8317516323
HC2_1_pathabundance.tsv:PWY-5100: pyruvate fermentation to acetate and lactate II|g__Firmicutes_unclassified.s__Firmicutes_bacterium_CAG_110	1.5281757402
HC2_1_pathabundance.tsv:PWY-5676: acetyl-CoA fermentation to butanoate II	2739.5787087037
HC2_1_pathabundance.tsv:PWY-5676: acetyl-CoA fermentation to butanoate II|g__Holdemanella.s__Holdemanella_biformis	14.0673630955
HC2_1_pathabundance.tsv:PWY-5676: acetyl-CoA fermentation to butanoate II|unclassified	10.5810544706
HC2_1_pathabundance.tsv:PWY-5088: L-glutamate degradation VIII (to propanoate)	495.0997335312
HC2_1_pathabundance.tsv:PWY-5677: succinate fermentation to butanoate	298.9276778482
HC2_1_pathabundance.tsv:PWY-5677: succinate fermentation to butanoate|g__Flavonifractor.s__Flavonifractor_plautii	2.7680867417
HC2_1_pathabundance.tsv:P124-PWY: Bifidobacterium shunt	256.2346279383
HC2_1_pathabundance.tsv:P124-PWY: Bifidobacterium shunt|g__Bifidobacterium.s__Bifidobacterium_adolescentis	15.9678030629
HC2_1_pathabundance.tsv:P124-PWY: Bifidobacterium shunt|g__Bifidobacterium.s__Bifidobacterium_dentium	2.4015616841
HC2_2_pathabundance.tsv:ANAEROFRUCAT-PWY: homolactic fermentation	8198.4032078321
HC2_2_pathabundance.tsv:ANAEROFRUCAT-PWY: homolactic fermentation|g__Escherichia.s__Escherichia_coli	2502.5880426712
HC2_2_pathabundance.tsv:ANAEROFRUCAT-PWY: homolactic fermentation|unclassified	593.7313591451
HC2_2_pathabundance.tsv:ANAEROFRUCAT-PWY: homolactic fermentation|g__Enterobacter.s__Enterobacter_cloacae	3.8879387740
HC2_2_pathabundance.tsv:PWY-5100: pyruvate fermentation to acetate and lactate II	4143.6252355065
HC2_2_pathabundance.tsv:PWY-5100: pyruvate fermentation to acetate and lactate II|g__Prevotella.s__Prevotella_copri	1945.7553495948
HC2_2_pathabundance.tsv:PWY-5100: pyruvate fermentation to acetate and lactate II|g__Escherichia.s__Escherichia_coli	1404.2230856238
HC2_2_pathabundance.tsv:PWY-5100: pyruvate fermentation to acetate and lactate II|g__Firmicutes_unclassified.s__Firmicutes_bacterium_CAG_65_45_313	370.6289767304
HC2_2_pathabundance.tsv:PWY-5100: pyruvate fermentation to acetate and lactate II|unclassified	342.3345128643
HC2_2_pathabundance.tsv:PWY-5100: pyruvate fermentation to acetate and lactate II|g__Eubacterium.s__Eubacterium_sp_36_13	102.5274033700
HC2_2_pathabundance.tsv:PWY-5100: pyruvate fermentation to acetate and lactate II|g__Holdemanella.s__Holdemanella_biformis	29.2980352031
HC2_2_pathabundance.tsv:PWY-5100: pyruvate fermentation to acetate and lactate II|g__Streptococcus.s__Streptococcus_parasanguinis	25.6537875529
HC2_2_pathabundance.tsv:PWY-5100: pyruvate fermentation to acetate and lactate II|g__Clostridium.s__Clostridium_sp_AM22_11AC	23.2766516471
HC2_2_pathabundance.tsv:PWY-5100: pyruvate fermentation to acetate and lactate II|g__Agathobaculum.s__Agathobaculum_butyriciproducens	19.4639779856
HC2_2_pathabundance.tsv:PWY-5100: pyruvate fermentation to acetate and lactate II|g__Blautia.s__Ruminococcus_torques	15.3985230759
HC2_2_pathabundance.tsv:PWY-5100: pyruvate fermentation to acetate and lactate II|g__Fusicatenibacter.s__Fusicatenibacter_saccharivorans	9.3926183405
HC2_2_pathabundance.tsv:PWY-5100: pyruvate fermentation to acetate and lactate II|g__Dorea.s__Dorea_longicatena	7.9765156604
HC2_2_pathabundance.tsv:PWY-5100: pyruvate fermentation to acetate and lactate II|g__Blautia.s__Blautia_wexlerae	4.8291326222
HC2_2_pathabundance.tsv:PWY-5100: pyruvate fermentation to acetate and lactate II|g__Firmicutes_unclassified.s__Firmicutes_bacterium_AF16_15	2.5857351974
HC2_2_pathabundance.tsv:PWY-5100: pyruvate fermentation to acetate and lactate II|g__Blautia.s__Blautia_sp_CAG_52	2.0548269287
HC2_2_pathabundance.tsv:PWY-5100: pyruvate fermentation to acetate and lactate II|g__Roseburia.s__Roseburia_sp_CAG_471	2.0123011600
HC2_2_pathabundance.tsv:PWY-5100: pyruvate fermentation to acetate and lactate II|g__Anaerostipes.s__Anaerostipes_hadrus	1.8477647787
HC2_2_pathabundance.tsv:PWY-5100: pyruvate fermentation to acetate and lactate II|g__Blautia.s__Blautia_sp	1.7766739404
HC2_2_pathabundance.tsv:PWY-5100: pyruvate fermentation to acetate and lactate II|g__Firmicutes_unclassified.s__Firmicutes_bacterium_CAG_110	1.2070613788
HC2_2_pathabundance.tsv:PWY-5676: acetyl-CoA fermentation to butanoate II	2526.9437565643
HC2_2_pathabundance.tsv:PWY-5676: acetyl-CoA fermentation to butanoate II|unclassified	35.4109015742
HC2_2_pathabundance.tsv:PWY-5676: acetyl-CoA fermentation to butanoate II|g__Holdemanella.s__Holdemanella_biformis	11.5745700814
HC2_2_pathabundance.tsv:PWY-5088: L-glutamate degradation VIII (to propanoate)	442.5910286931
HC2_2_pathabundance.tsv:PWY-5677: succinate fermentation to butanoate	303.1647656666
HC2_2_pathabundance.tsv:PWY-5677: succinate fermentation to butanoate|g__Flavonifractor.s__Flavonifractor_plautii	3.1063239258
HC2_2_pathabundance.tsv:P124-PWY: Bifidobacterium shunt	247.0948200319
HC2_2_pathabundance.tsv:P124-PWY: Bifidobacterium shunt|g__Bifidobacterium.s__Bifidobacterium_adolescentis	15.8668068310
HC2_2_pathabundance.tsv:P124-PWY: Bifidobacterium shunt|g__Bifidobacterium.s__Bifidobacterium_dentium	3.8939969778
HC3_2_pathabundance.tsv:PWY-5100: pyruvate fermentation to acetate and lactate II	8526.0718258703
HC3_2_pathabundance.tsv:PWY-5100: pyruvate fermentation to acetate and lactate II|g__Prevotella.s__Prevotella_copri	6802.1459638819
HC3_2_pathabundance.tsv:PWY-5100: pyruvate fermentation to acetate and lactate II|g__Eubacterium.s__Eubacterium_sp_CAG_252	1395.4678168338
HC3_2_pathabundance.tsv:PWY-5100: pyruvate fermentation to acetate and lactate II|g__Eubacterium.s__Eubacterium_eligens	402.5595132832
HC3_2_pathabundance.tsv:PWY-5100: pyruvate fermentation to acetate and lactate II|unclassified	160.6151638822
HC3_2_pathabundance.tsv:PWY-5100: pyruvate fermentation to acetate and lactate II|g__Roseburia.s__Roseburia_intestinalis	116.3285904984
HC3_2_pathabundance.tsv:PWY-5100: pyruvate fermentation to acetate and lactate II|g__Blautia.s__Ruminococcus_torques	44.5859875603
HC3_2_pathabundance.tsv:PWY-5100: pyruvate fermentation to acetate and lactate II|g__Agathobaculum.s__Agathobaculum_butyriciproducens	37.4153062227
HC3_2_pathabundance.tsv:PWY-5100: pyruvate fermentation to acetate and lactate II|g__Clostridium.s__Clostridium_sp_AM22_11AC	33.5014733828
HC3_2_pathabundance.tsv:PWY-5100: pyruvate fermentation to acetate and lactate II|g__Anaerostipes.s__Anaerostipes_hadrus	27.0974630095
HC3_2_pathabundance.tsv:PWY-5100: pyruvate fermentation to acetate and lactate II|g__Holdemanella.s__Holdemanella_biformis	25.1163955846
HC3_2_pathabundance.tsv:PWY-5100: pyruvate fermentation to acetate and lactate II|g__Blautia.s__Blautia_obeum	8.3792276172
HC3_2_pathabundance.tsv:PWY-5100: pyruvate fermentation to acetate and lactate II|g__Blautia.s__Blautia_sp_AF19_10LB	8.1116304040
HC3_2_pathabundance.tsv:PWY-5100: pyruvate fermentation to acetate and lactate II|g__Fusicatenibacter.s__Fusicatenibacter_saccharivorans	7.9856694667
HC3_2_pathabundance.tsv:PWY-5100: pyruvate fermentation to acetate and lactate II|g__Dorea.s__Dorea_longicatena	3.4327293950
HC3_2_pathabundance.tsv:PWY-5100: pyruvate fermentation to acetate and lactate II|g__Blautia.s__Blautia_wexlerae	3.0823260534
HC3_2_pathabundance.tsv:PWY-5100: pyruvate fermentation to acetate and lactate II|g__Eubacterium.s__Eubacterium_sp_36_13	1.5210572035
HC3_2_pathabundance.tsv:ANAEROFRUCAT-PWY: homolactic fermentation	1344.1343155511
HC3_2_pathabundance.tsv:ANAEROFRUCAT-PWY: homolactic fermentation|unclassified	389.9458676235
HC3_2_pathabundance.tsv:PWY-5676: acetyl-CoA fermentation to butanoate II	281.6227512675
HC3_2_pathabundance.tsv:PWY-5676: acetyl-CoA fermentation to butanoate II|unclassified	25.9393810711
HC3_2_pathabundance.tsv:PWY-5676: acetyl-CoA fermentation to butanoate II|g__Anaerostipes.s__Anaerostipes_hadrus	14.4117788323
HC3_2_pathabundance.tsv:PWY-5676: acetyl-CoA fermentation to butanoate II|g__Holdemanella.s__Holdemanella_biformis	13.7327577381
HC3_2_pathabundance.tsv:P124-PWY: Bifidobacterium shunt	192.8603228047
HC3_2_pathabundance.tsv:P124-PWY: Bifidobacterium shunt|g__Bifidobacterium.s__Bifidobacterium_adolescentis	47.9438047456
HC3_2_pathabundance.tsv:P124-PWY: Bifidobacterium shunt|g__Bifidobacterium.s__Bifidobacterium_longum	11.1836268617
HC3_2_pathabundance.tsv:PWY-5677: succinate fermentation to butanoate	9.7258209577
HC4_1_pathabundance.tsv:PWY-5100: pyruvate fermentation to acetate and lactate II	3777.9535963462
HC4_1_pathabundance.tsv:PWY-5100: pyruvate fermentation to acetate and lactate II|g__Prevotella.s__Prevotella_copri	1104.3688375322
HC4_1_pathabundance.tsv:PWY-5100: pyruvate fermentation to acetate and lactate II|unclassified	570.7949951769
HC4_1_pathabundance.tsv:PWY-5100: pyruvate fermentation to acetate and lactate II|g__Eubacterium.s__Eubacterium_eligens	307.8392256581
HC4_1_pathabundance.tsv:PWY-5100: pyruvate fermentation to acetate and lactate II|g__Firmicutes_unclassified.s__Firmicutes_bacterium_CAG_65_45_313	107.0202497039
HC4_1_pathabundance.tsv:PWY-5100: pyruvate fermentation to acetate and lactate II|g__Blautia.s__Blautia_obeum	24.2572991307
HC4_1_pathabundance.tsv:PWY-5100: pyruvate fermentation to acetate and lactate II|g__Blautia.s__Ruminococcus_torques	23.4980532715
HC4_1_pathabundance.tsv:PWY-5100: pyruvate fermentation to acetate and lactate II|g__Holdemanella.s__Holdemanella_biformis	20.8179362755
HC4_1_pathabundance.tsv:PWY-5100: pyruvate fermentation to acetate and lactate II|g__Eggerthella.s__Eggerthella_sp_CAG_209	19.5304697899
HC4_1_pathabundance.tsv:PWY-5100: pyruvate fermentation to acetate and lactate II|g__Agathobaculum.s__Agathobaculum_butyriciproducens	17.5753998961
HC4_1_pathabundance.tsv:PWY-5100: pyruvate fermentation to acetate and lactate II|g__Collinsella.s__Collinsella_aerofaciens	14.6982285637
HC4_1_pathabundance.tsv:PWY-5100: pyruvate fermentation to acetate and lactate II|g__Dorea.s__Dorea_longicatena	14.4957889220
HC4_1_pathabundance.tsv:PWY-5100: pyruvate fermentation to acetate and lactate II|g__Escherichia.s__Escherichia_coli	13.3862274352
HC4_1_pathabundance.tsv:PWY-5100: pyruvate fermentation to acetate and lactate II|g__Firmicutes_unclassified.s__Firmicutes_bacterium_CAG_110	12.5923862479
HC4_1_pathabundance.tsv:PWY-5100: pyruvate fermentation to acetate and lactate II|g__Roseburia.s__Roseburia_intestinalis	11.9655513234
HC4_1_pathabundance.tsv:PWY-5100: pyruvate fermentation to acetate and lactate II|g__Roseburia.s__Roseburia_hominis	11.5918356136
HC4_1_pathabundance.tsv:PWY-5100: pyruvate fermentation to acetate and lactate II|g__Eubacterium.s__Eubacterium_hallii	11.3201749581
HC4_1_pathabundance.tsv:PWY-5100: pyruvate fermentation to acetate and lactate II|g__Fusicatenibacter.s__Fusicatenibacter_saccharivorans	9.3200678315
HC4_1_pathabundance.tsv:PWY-5100: pyruvate fermentation to acetate and lactate II|g__Clostridiales_unclassified.s__Clostridiales_bacterium_KLE1615	6.6898621053
HC4_1_pathabundance.tsv:PWY-5100: pyruvate fermentation to acetate and lactate II|g__Firmicutes_unclassified.s__Firmicutes_bacterium_CAG_791	6.2056711155
HC4_1_pathabundance.tsv:PWY-5100: pyruvate fermentation to acetate and lactate II|g__Blautia.s__Blautia_sp	4.9106236630
HC4_1_pathabundance.tsv:PWY-5100: pyruvate fermentation to acetate and lactate II|g__Slackia.s__Slackia_isoflavoniconvertens	4.8377604504
HC4_1_pathabundance.tsv:PWY-5100: pyruvate fermentation to acetate and lactate II|g__Firmicutes_unclassified.s__Firmicutes_bacterium_AF16_15	4.4062232855
HC4_1_pathabundance.tsv:PWY-5100: pyruvate fermentation to acetate and lactate II|g__Lachnospira.s__Lachnospira_pectinoschiza	4.2750991489
HC4_1_pathabundance.tsv:PWY-5100: pyruvate fermentation to acetate and lactate II|g__Firmicutes_unclassified.s__Firmicutes_bacterium_CAG_170	4.2607599820
HC4_1_pathabundance.tsv:PWY-5100: pyruvate fermentation to acetate and lactate II|g__Eubacterium.s__Eubacterium_sp_AF17_7	3.1583397301
HC4_1_pathabundance.tsv:PWY-5100: pyruvate fermentation to acetate and lactate II|g__Anaerostipes.s__Anaerostipes_hadrus	3.0232043332
HC4_1_pathabundance.tsv:PWY-5100: pyruvate fermentation to acetate and lactate II|g__Blautia.s__Blautia_wexlerae	2.2258489046
HC4_1_pathabundance.tsv:PWY-5100: pyruvate fermentation to acetate and lactate II|g__Clostridium.s__Clostridium_sp_AM22_11AC	2.2103298095
HC4_1_pathabundance.tsv:ANAEROFRUCAT-PWY: homolactic fermentation	3577.5116121487
HC4_1_pathabundance.tsv:ANAEROFRUCAT-PWY: homolactic fermentation|unclassified	491.1330341039
HC4_1_pathabundance.tsv:ANAEROFRUCAT-PWY: homolactic fermentation|g__Collinsella.s__Collinsella_aerofaciens	9.3750045307
HC4_1_pathabundance.tsv:ANAEROFRUCAT-PWY: homolactic fermentation|g__Escherichia.s__Escherichia_coli	5.5181834454
HC4_1_pathabundance.tsv:PWY-5676: acetyl-CoA fermentation to butanoate II	951.9612374306
HC4_1_pathabundance.tsv:PWY-5676: acetyl-CoA fermentation to butanoate II|unclassified	217.6357248954
HC4_1_pathabundance.tsv:PWY-5676: acetyl-CoA fermentation to butanoate II|g__Holdemanella.s__Holdemanella_biformis	10.5673152728
HC4_1_pathabundance.tsv:PWY-5677: succinate fermentation to butanoate	236.4360428769
HC4_1_pathabundance.tsv:PWY-5677: succinate fermentation to butanoate|unclassified	39.0412453229
HC4_1_pathabundance.tsv:PWY-5088: L-glutamate degradation VIII (to propanoate)	51.3852004908
HC4_1_pathabundance.tsv:P124-PWY: Bifidobacterium shunt	27.0344643234
HC4_1_pathabundance.tsv:P124-PWY: Bifidobacterium shunt|g__Collinsella.s__Collinsella_aerofaciens	6.0159176487
HC4_2_pathabundance.tsv:PWY-5100: pyruvate fermentation to acetate and lactate II	3761.1072881842
HC4_2_pathabundance.tsv:PWY-5100: pyruvate fermentation to acetate and lactate II|g__Prevotella.s__Prevotella_copri	1195.1734058449
HC4_2_pathabundance.tsv:PWY-5100: pyruvate fermentation to acetate and lactate II|unclassified	576.3048808828
HC4_2_pathabundance.tsv:PWY-5100: pyruvate fermentation to acetate and lactate II|g__Eubacterium.s__Eubacterium_eligens	304.7296249930
HC4_2_pathabundance.tsv:PWY-5100: pyruvate fermentation to acetate and lactate II|g__Firmicutes_unclassified.s__Firmicutes_bacterium_CAG_65_45_313	108.5340193925
HC4_2_pathabundance.tsv:PWY-5100: pyruvate fermentation to acetate and lactate II|g__Blautia.s__Ruminococcus_torques	30.6265384420
HC4_2_pathabundance.tsv:PWY-5100: pyruvate fermentation to acetate and lactate II|g__Blautia.s__Blautia_obeum	25.1574631921
HC4_2_pathabundance.tsv:PWY-5100: pyruvate fermentation to acetate and lactate II|g__Eggerthella.s__Eggerthella_sp_CAG_209	19.7817624665
HC4_2_pathabundance.tsv:PWY-5100: pyruvate fermentation to acetate and lactate II|g__Holdemanella.s__Holdemanella_biformis	18.2505494896
HC4_2_pathabundance.tsv:PWY-5100: pyruvate fermentation to acetate and lactate II|g__Collinsella.s__Collinsella_aerofaciens	15.6832820668
HC4_2_pathabundance.tsv:PWY-5100: pyruvate fermentation to acetate and lactate II|g__Agathobaculum.s__Agathobaculum_butyriciproducens	15.5243419405
HC4_2_pathabundance.tsv:PWY-5100: pyruvate fermentation to acetate and lactate II|g__Dorea.s__Dorea_longicatena	15.1529526969
HC4_2_pathabundance.tsv:PWY-5100: pyruvate fermentation to acetate and lactate II|g__Firmicutes_unclassified.s__Firmicutes_bacterium_CAG_110	15.0735690387
HC4_2_pathabundance.tsv:PWY-5100: pyruvate fermentation to acetate and lactate II|g__Eubacterium.s__Eubacterium_hallii	13.9302123815
HC4_2_pathabundance.tsv:PWY-5100: pyruvate fermentation to acetate and lactate II|g__Roseburia.s__Roseburia_hominis	10.8306354494
HC4_2_pathabundance.tsv:PWY-5100: pyruvate fermentation to acetate and lactate II|g__Escherichia.s__Escherichia_coli	7.9098988780
HC4_2_pathabundance.tsv:PWY-5100: pyruvate fermentation to acetate and lactate II|g__Roseburia.s__Roseburia_intestinalis	7.3109238897
HC4_2_pathabundance.tsv:PWY-5100: pyruvate fermentation to acetate and lactate II|g__Firmicutes_unclassified.s__Firmicutes_bacterium_CAG_170	7.0865598186
HC4_2_pathabundance.tsv:PWY-5100: pyruvate fermentation to acetate and lactate II|g__Fusicatenibacter.s__Fusicatenibacter_saccharivorans	6.5303822854
HC4_2_pathabundance.tsv:PWY-5100: pyruvate fermentation to acetate and lactate II|g__Firmicutes_unclassified.s__Firmicutes_bacterium_CAG_791	5.9632169783
HC4_2_pathabundance.tsv:PWY-5100: pyruvate fermentation to acetate and lactate II|g__Clostridium.s__Clostridium_sp_AM22_11AC	5.6490414807
HC4_2_pathabundance.tsv:PWY-5100: pyruvate fermentation to acetate and lactate II|g__Slackia.s__Slackia_isoflavoniconvertens	4.4521777279
HC4_2_pathabundance.tsv:PWY-5100: pyruvate fermentation to acetate and lactate II|g__Lachnospira.s__Lachnospira_pectinoschiza	4.3420473329
HC4_2_pathabundance.tsv:PWY-5100: pyruvate fermentation to acetate and lactate II|g__Firmicutes_unclassified.s__Firmicutes_bacterium_AF16_15	4.0185779742
HC4_2_pathabundance.tsv:PWY-5100: pyruvate fermentation to acetate and lactate II|g__Blautia.s__Blautia_sp	3.7155816339
HC4_2_pathabundance.tsv:PWY-5100: pyruvate fermentation to acetate and lactate II|g__Anaerostipes.s__Anaerostipes_hadrus	3.5029232951
HC4_2_pathabundance.tsv:PWY-5100: pyruvate fermentation to acetate and lactate II|g__Eubacterium.s__Eubacterium_sp_AF17_7	3.1052781422
HC4_2_pathabundance.tsv:PWY-5100: pyruvate fermentation to acetate and lactate II|g__Intestinibacter.s__Intestinibacter_bartlettii	1.9480051904
HC4_2_pathabundance.tsv:PWY-5100: pyruvate fermentation to acetate and lactate II|g__Ruminococcus.s__Ruminococcus_sp_AF31_8BH	1.5177856818
HC4_2_pathabundance.tsv:ANAEROFRUCAT-PWY: homolactic fermentation	3446.3971372082
HC4_2_pathabundance.tsv:ANAEROFRUCAT-PWY: homolactic fermentation|unclassified	479.2772053838
HC4_2_pathabundance.tsv:ANAEROFRUCAT-PWY: homolactic fermentation|g__Escherichia.s__Escherichia_coli	16.3472473633
HC4_2_pathabundance.tsv:ANAEROFRUCAT-PWY: homolactic fermentation|g__Collinsella.s__Collinsella_aerofaciens	8.5954213893
HC4_2_pathabundance.tsv:PWY-5676: acetyl-CoA fermentation to butanoate II	948.8045704889
HC4_2_pathabundance.tsv:PWY-5676: acetyl-CoA fermentation to butanoate II|unclassified	231.4929265232
HC4_2_pathabundance.tsv:PWY-5676: acetyl-CoA fermentation to butanoate II|g__Holdemanella.s__Holdemanella_biformis	11.1538710497
HC4_2_pathabundance.tsv:PWY-5677: succinate fermentation to butanoate	231.3964537035
HC4_2_pathabundance.tsv:PWY-5677: succinate fermentation to butanoate|unclassified	25.2256023187
HC4_2_pathabundance.tsv:P124-PWY: Bifidobacterium shunt	63.7992109654
HC4_2_pathabundance.tsv:P124-PWY: Bifidobacterium shunt|unclassified	31.5077692222
HC4_2_pathabundance.tsv:P124-PWY: Bifidobacterium shunt|g__Collinsella.s__Collinsella_aerofaciens	8.5488370532
HC4_2_pathabundance.tsv:P124-PWY: Bifidobacterium shunt|g__Collinsella.s__Collinsella_sp_CAG_289	1.4988984500
HC4_2_pathabundance.tsv:PWY-5088: L-glutamate degradation VIII (to propanoate)	31.6799272465
